CustomerID,Recency,Frequency,Monetary,R_Score,F_Score,M_Score,RFM
12749,23,5,98.35,1,1,1,111
12820,45,4,58.2,2,2,2,222
12821,96,1,19.92,3,4,3,343
12822,71,2,30.799999999999997,3,3,3,333
12824,30,1,5.04,2,4,4,244
12826,60,6,105.1,2,1,1,211
12827,45,3,84.21000000000001,2,2,1,221
12828,113,6,154.8,3,1,1,311
12829,162,2,95.80000000000001,3,3,1,331
12831,263,1,34.199999999999996,4,4,3,443
12832,152,2,19.9,3,3,3,333
12833,146,1,15.0,3,4,4,344
12834,310,1,15.9,4,4,3,443
12836,30,4,29.05,2,2,3,223
12837,174,1,17.0,4,4,3,443
12838,182,1,5.9,4,4,4,444
12840,65,4,138.6,2,2,1,221
12842,71,2,22.8,3,3,3,333
12843,66,8,123.19999999999999,2,1,1,211
12844,60,2,8.7,2,3,4,234
12847,23,1,1.17,1,4,4,144
12849,121,2,44.699999999999996,3,3,2,332
12851,245,1,4.16,4,4,4,444
12852,295,1,17.4,4,4,3,443
12853,135,6,202.2,3,1,1,311
12854,6,3,158.29999999999998,1,2,1,121
12856,19,6,44.58,1,1,2,112
12857,69,2,53.400000000000006,2,3,2,232
12864,139,1,17.4,3,4,3,343
12867,27,7,53.74,2,1,2,212
12868,9,5,94.25,1,1,1,111
12871,85,2,178.2,3,3,1,331
12872,327,1,8.7,4,4,4,444
12873,310,1,68.0,4,4,2,442
12878,237,2,45.0,4,3,2,432
12879,45,3,192.72,2,2,1,221
12881,98,1,195.0,3,4,1,341
12883,25,4,71.85,1,2,2,122
12884,1,1,170.0,1,4,1,141
12885,124,3,43.4,3,2,2,322
12886,249,2,33.5,4,3,3,433
12888,96,2,106.56,3,3,1,331
12890,25,1,10.5,1,4,4,144
12893,90,1,3.75,3,4,4,344
12895,43,2,34.8,2,3,3,233
12897,38,2,116.0,2,3,1,231
12902,265,1,17.700000000000003,4,4,3,443
12904,19,2,11.899999999999999,1,3,4,134
12906,12,5,206.76,1,1,1,111
12909,40,5,125.88,2,1,1,211
12913,16,4,206.76000000000005,1,2,1,121
12915,149,1,23.4,3,4,3,343
12916,139,4,186.79999999999998,3,2,1,321
12920,18,1,7.95,1,4,4,144
12922,337,1,13.2,4,4,4,444
12923,183,1,12.48,4,4,4,444
12924,1,4,166.62000000000003,1,2,1,121
12925,75,2,25.5,3,3,3,333
12928,6,5,127.03999999999999,1,1,1,111
12929,342,1,17.0,4,4,3,443
12930,79,2,25.2,3,3,3,333
12933,25,3,58.300000000000004,1,2,2,122
12935,27,7,106.03,2,1,1,211
12936,18,4,164.14000000000001,1,2,1,121
12937,16,4,37.95,1,2,2,122
12938,26,1,9.48,2,4,4,244
12940,55,2,25.3,2,3,3,233
12942,132,2,25.35,3,3,3,333
12944,243,2,39.699999999999996,4,3,2,432
12945,289,1,25.5,4,4,3,443
12948,17,7,207.9,1,1,1,111
12949,90,8,113.96000000000001,3,1,1,311
12950,25,3,143.4,1,2,1,121
12951,174,6,101.04,4,1,1,411
12952,44,4,71.31,2,2,2,222
12953,10,1,35.400000000000006,1,4,2,142
12956,191,1,3.75,4,4,4,444
12957,10,8,129.66,1,1,1,111
12962,114,2,37.650000000000006,3,3,2,332
12963,11,7,170.15,1,1,1,111
12965,31,1,8.25,2,4,4,244
12966,10,1,15.0,1,4,4,144
12968,113,1,15.0,3,4,4,344
12970,301,4,25.05,4,2,3,423
12974,198,1,15.9,4,4,3,443
12976,5,1,19.8,1,4,3,143
12977,186,1,8.5,4,4,4,444
12981,60,2,54.48,2,3,2,232
12982,36,1,10.4,2,4,4,244
12984,19,1,30.0,1,4,3,143
12985,29,2,49.2,2,3,2,232
12987,74,2,37.2,3,3,2,332
12988,293,1,4.25,4,4,4,444
12990,121,3,120.89999999999999,3,2,1,321
12991,24,2,65.0,1,3,2,132
12993,24,4,64.15,1,2,2,122
12994,32,3,61.2,2,2,2,222
12995,86,1,38.160000000000004,3,4,2,342
12997,1,4,98.28,1,2,1,121
12999,128,3,107.03999999999999,3,2,1,321
13000,107,2,91.17000000000002,3,3,1,331
13002,319,1,15.0,4,4,4,444
13003,33,3,98.5,2,2,1,221
13005,159,2,37.3,3,3,2,332
13006,57,1,31.8,2,4,3,243
13008,324,1,15.0,4,4,4,444
13012,10,8,145.47,1,1,1,111
13015,54,5,113.7,2,1,1,211
13016,74,3,64.56,3,2,2,322
13017,301,1,204.0,4,4,1,441
13023,183,2,47.7,4,3,2,432
13028,23,2,29.279999999999998,1,3,3,133
13030,12,1,1.65,1,4,4,144
13032,53,2,19.0,2,3,3,233
13034,55,1,19.799999999999997,2,4,3,243
13035,74,2,117.0,3,3,1,331
13037,139,3,38.400000000000006,3,2,2,322
13038,81,3,219.00000000000003,3,2,1,321
13040,182,2,21.84,4,3,3,433
13043,37,1,59.8,2,4,2,242
13044,292,1,12.600000000000001,4,4,4,444
13045,335,1,17.4,4,4,3,443
13046,90,2,39.71,3,3,2,332
13047,57,7,106.10000000000001,2,1,1,211
13048,15,4,47.5,1,2,2,122
13049,183,2,106.19999999999999,4,3,1,431
13052,35,1,23.85,2,4,3,243
13055,66,3,43.08,2,2,2,222
13058,0,3,172.8,1,2,1,121
13059,250,1,17.700000000000003,4,4,3,443
13060,254,1,35.400000000000006,4,4,2,442
13061,73,1,9.959999999999999,3,4,4,344
13062,338,1,60.48,4,4,2,442
13064,1,4,85.65,1,2,1,121
13066,25,2,30.200000000000003,1,3,3,133
13067,83,1,7.95,3,4,4,344
13070,193,1,20.8,4,4,3,443
13072,267,1,15.0,4,4,4,444
13075,305,1,47.2,4,4,2,442
13077,120,3,12.65,3,2,4,324
13079,22,5,202.39999999999998,1,1,1,111
13080,180,1,3.3600000000000003,4,4,4,444
13081,12,8,138.74,1,1,1,111
13083,76,2,51.0,3,3,2,332
13085,217,2,77.0,4,3,1,431
13091,29,1,17.700000000000003,2,4,3,243
13092,5,5,84.1,1,1,1,111
13095,71,1,9.36,3,4,4,344
13099,335,1,207.35999999999999,4,4,1,441
13101,235,1,9.95,4,4,4,444
13103,40,1,51.0,2,4,2,242
13106,134,1,76.5,3,4,1,341
13107,45,4,162.96,2,2,1,221
13109,30,2,25.5,2,3,3,233
13110,54,7,87.79,2,1,1,211
13115,0,4,57.6,1,2,2,122
13116,139,1,25.5,3,4,3,343
13117,22,6,81.08,1,1,1,111
13118,20,5,140.68,1,1,1,111
13120,239,1,30.599999999999998,4,4,3,443
13121,270,1,7.6499999999999995,4,4,4,444
13122,184,2,48.56999999999999,4,3,2,432
13124,31,3,52.5,2,2,2,222
13126,45,6,107.27,2,1,1,211
13127,78,1,34.68,3,4,3,343
13130,184,1,39.0,4,4,2,442
13131,24,3,46.4,1,2,2,122
13132,262,1,15.299999999999999,4,4,4,444
13133,37,2,29.75,2,3,3,233
13134,86,4,125.03999999999999,3,2,1,321
13136,35,5,115.30000000000001,2,1,1,211
13137,11,8,31.84,1,1,3,113
13138,23,5,78.22000000000001,1,1,1,111
13140,109,2,33.9,3,3,3,333
13141,85,5,84.7,3,1,1,311
13142,20,1,20.16,1,4,3,143
13144,39,1,63.75,2,4,2,242
13146,27,1,10.08,2,4,4,244
13148,60,11,166.7,2,1,1,211
13149,15,4,87.24000000000001,1,2,1,121
13151,296,1,20.4,4,4,3,443
13153,242,1,6.24,4,4,4,444
13155,80,3,70.4,3,2,2,322
13157,6,4,50.54,1,2,2,122
13158,2,4,80.1,1,2,1,121
13159,51,4,40.160000000000004,2,2,2,222
13160,23,1,15.0,1,4,4,144
13161,314,1,27.0,4,4,3,443
13162,93,4,32.07,3,2,3,323
13165,47,2,80.16,2,3,1,231
13166,341,1,2.5,4,4,4,444
13167,19,4,98.58,1,2,1,121
13168,200,4,34.849999999999994,4,2,3,423
13169,153,2,39.300000000000004,3,3,2,332
13170,27,1,6.75,2,4,4,244
13171,22,3,33.16,1,2,3,123
13173,212,1,4.95,4,4,4,444
13174,17,2,16.2,1,3,3,133
13176,47,1,0.85,2,4,4,244
13177,183,1,17.700000000000003,4,4,3,443
13182,46,1,10.5,2,4,4,244
13183,87,9,175.90000000000003,3,1,1,311
13184,15,10,72.19999999999999,1,1,2,112
13185,268,1,71.4,4,4,2,442
13186,40,3,80.28,2,2,1,221
13187,192,1,1.25,4,4,4,444
13188,12,1,99.60000000000001,1,4,1,141
13189,19,2,19.0,1,3,3,133
13192,206,2,41.1,4,3,2,432
13193,91,1,2.9,3,4,4,344
13194,136,1,34.0,3,4,3,343
13196,12,4,73.65,1,2,2,122
13198,11,6,109.50000000000001,1,1,1,111
13200,20,4,117.45000000000002,1,2,1,121
13203,10,4,56.879999999999995,1,2,2,122
13207,3,2,42.120000000000005,1,3,2,132
13208,0,6,55.419999999999995,1,1,2,112
13210,154,1,25.5,3,4,3,343
13211,11,3,223.2,1,2,1,121
13212,20,3,15.1,1,2,4,124
13213,57,5,136.42000000000002,2,1,1,211
13216,268,1,69.12,4,4,2,442
13218,246,1,15.0,4,4,4,444
13221,241,2,20.3,4,3,3,433
13223,201,2,115.80000000000001,4,3,1,431
13224,33,2,19.32,2,3,3,233
13226,37,1,9.95,2,4,4,244
13227,202,1,67.5,4,4,2,442
13228,82,1,179.0,3,4,1,341
13229,226,1,15.0,4,4,4,444
13232,4,7,75.3,1,1,2,112
13233,75,2,60.839999999999996,3,3,2,332
13235,35,1,19.799999999999997,2,4,3,243
13236,25,2,52.18,1,3,2,132
13238,18,4,159.7,1,2,1,121
13239,262,1,18.96,4,4,3,443
13240,174,3,31.6,4,2,3,423
13242,66,3,62.400000000000006,2,2,2,222
13243,204,1,5.1,4,4,4,444
13244,123,1,4.95,3,4,4,344
13245,51,1,24.900000000000002,2,4,3,243
13247,18,4,119.55000000000001,1,2,1,121
13248,155,2,33.36,3,3,3,333
13253,186,2,42.36,4,3,2,432
13255,10,1,16.6,1,4,3,143
13258,12,3,25.34,1,2,3,123
13259,91,1,8.5,3,4,4,344
13260,91,1,19.92,3,4,3,343
13262,264,1,6.959999999999999,4,4,4,444
13265,1,5,166.48000000000002,1,1,1,111
13268,6,11,83.0,1,1,1,111
13271,302,1,0.39,4,4,4,444
13272,31,2,36.660000000000004,2,3,2,232
13273,114,1,24.900000000000002,3,4,3,343
13276,153,2,58.2,3,3,2,332
13277,16,4,149.0,1,2,1,121
13278,41,1,10.5,2,4,4,244
13279,79,1,9.36,3,4,4,344
13280,93,3,47.75,3,2,2,322
13282,19,3,139.20000000000002,1,2,1,121
13283,30,2,29.3,2,3,3,233
13284,331,1,25.5,4,4,3,443
13285,24,4,57.400000000000006,1,2,2,122
13291,156,1,12.450000000000001,3,4,4,344
13292,285,2,65.1,4,3,2,432
13294,250,2,42.0,4,3,2,432
13296,138,1,15.0,3,4,4,344
13297,24,4,164.34,1,2,1,121
13298,120,1,90.0,3,4,1,341
13299,269,1,29.700000000000003,4,4,3,443
13300,170,1,23.0,4,4,3,443
13301,104,4,65.52,3,2,2,322
13302,156,1,63.75,3,4,2,342
13304,352,1,12.600000000000001,4,4,4,444
13305,22,9,204.49,1,1,1,111
13307,32,1,15.0,2,4,4,244
13308,23,3,54.36,1,2,2,122
13309,1,5,79.64,1,1,1,111
13310,29,3,39.42,2,2,2,222
13311,3,2,34.54,1,3,3,133
13313,23,5,67.78,1,1,2,112
13314,74,3,36.98,3,2,2,322
13317,199,6,136.0,4,1,1,411
13318,120,3,197.88,3,2,1,321
13320,66,4,47.3,2,2,2,222
13322,18,1,8.3,1,4,4,144
13325,82,1,16.5,3,4,3,343
13328,317,1,19.799999999999997,4,4,3,443
13329,121,1,64.19999999999999,3,4,2,342
13330,123,3,56.28,3,2,2,322
13332,15,1,17.0,1,4,3,143
13334,83,3,47.8,3,2,2,322
13336,78,1,15.299999999999999,3,4,4,344
13338,217,1,10.2,4,4,4,444
13339,201,1,17.4,4,4,3,443
13341,261,1,87.6,4,4,1,441
13343,178,1,19.8,4,4,3,443
13344,160,3,79.64,3,2,1,321
13345,288,1,17.700000000000003,4,4,3,443
13347,71,1,39.599999999999994,3,4,2,342
13348,183,1,10.2,4,4,4,444
13349,11,1,15.600000000000001,1,4,3,143
13350,17,2,77.1,1,3,1,131
13351,244,1,50.0,4,4,2,442
13352,61,1,10.5,2,4,4,244
13354,72,1,10.5,3,4,4,344
13355,93,1,17.700000000000003,3,4,3,343
13356,81,1,17.4,3,4,3,343
13357,258,1,9.9,4,4,4,444
13358,269,1,17.9,4,4,3,443
13359,153,1,50.0,3,4,2,342
13362,10,4,84.3,1,2,1,121
13363,18,2,34.5,1,3,3,133
13364,72,1,24.96,3,4,3,343
13365,182,2,66.0,4,3,2,432
13366,51,1,56.160000000000004,2,4,2,242
13368,192,2,45.480000000000004,4,3,2,432
13372,31,1,9.95,2,4,4,244
13373,61,3,54.6,2,2,2,222
13375,1,1,16.5,1,4,3,143
13376,204,3,65.69999999999999,4,2,2,422
13379,27,3,12.24,2,2,4,224
13381,31,6,141.72,2,1,1,211
13382,251,1,15.0,4,4,4,444
13384,46,7,186.20000000000002,2,1,1,211
13385,330,1,17.700000000000003,4,4,3,443
13388,132,2,26.1,3,3,3,333
13389,12,3,35.16,1,2,2,122
13390,75,1,15.0,3,4,4,344
13391,204,1,59.8,4,4,2,442
13394,33,8,147.03,2,1,1,211
13395,157,1,1.92,3,4,4,344
13396,60,2,63.06,2,3,2,232
13398,193,1,9.959999999999999,4,4,4,444
13402,246,1,17.0,4,4,3,443
13403,18,1,15.0,1,4,4,144
13404,35,2,32.34,2,3,3,233
13405,75,3,66.0,3,2,2,322
13410,25,5,212.60000000000002,1,1,1,111
13411,108,1,18.75,3,4,3,343
13416,44,2,97.7,2,3,1,231
13417,206,2,41.2,4,3,2,432
13419,153,1,10.5,3,4,4,344
13420,150,2,34.2,3,3,3,333
13421,41,2,37.05,2,3,2,232
13422,183,1,13.200000000000001,4,4,4,444
13425,109,3,41.7,3,2,2,322
13427,20,3,44.22,1,2,2,122
13428,11,1,0.65,1,4,4,144
13429,11,4,69.4,1,2,2,122
13430,19,2,55.56,1,3,2,132
13431,1,2,53.8,1,3,2,132
13434,75,2,187.08,3,3,1,331
13436,120,1,11.7,3,4,4,344
13437,15,7,106.76,1,1,1,111
13439,256,1,6.5,4,4,4,444
13441,92,1,12.600000000000001,3,4,4,344
13447,24,3,34.3,1,2,3,123
13448,17,3,32.55,1,2,3,123
13449,24,1,20.4,1,4,3,143
13450,27,6,113.76,2,1,1,211
13451,5,5,37.349999999999994,1,1,2,112
13453,166,2,43.7,3,3,2,332
13455,25,1,19.799999999999997,1,4,3,143
13460,50,2,22.98,2,3,3,233
13461,139,3,156.1,3,2,1,321
13462,340,1,19.8,4,4,3,443
13464,0,1,10.5,1,4,4,144
13466,126,1,17.700000000000003,3,4,3,343
13467,11,2,18.56,1,3,3,133
13470,116,2,33.0,3,3,3,333
13471,22,4,71.9,1,2,2,122
13473,39,2,32.879999999999995,2,3,3,233
13474,237,1,1.7,4,4,4,444
13475,188,4,78.18,4,2,1,421
13476,179,2,38.7,4,3,2,432
13477,5,6,120.32,1,1,1,111
13479,201,2,50.4,4,3,2,432
13481,46,5,82.15,2,1,1,211
13482,233,1,17.4,4,4,3,443
13483,214,1,10.08,4,4,4,444
13484,6,1,67.5,1,4,2,142
13485,234,1,12.5,4,4,4,444
13486,79,3,40.62,3,2,2,322
13487,58,3,53.099999999999994,2,2,2,222
13491,39,9,136.53000000000003,2,1,1,211
13494,342,1,20.16,4,4,3,443
13495,233,4,108.17999999999999,4,2,1,421
13496,11,2,32.0,1,3,3,133
13497,310,1,24.75,4,4,3,443
13499,18,5,183.94,1,1,1,111
13500,24,3,45.55,1,2,2,122
13502,17,3,39.12,1,2,2,122
13503,72,1,10.5,3,4,4,344
13504,183,1,14.850000000000001,4,4,4,444
13506,317,1,16.8,4,4,3,443
13507,108,4,79.05,3,2,1,321
13508,67,1,15.9,2,4,3,243
13509,37,7,223.9,2,1,1,211
13510,46,4,48.28,2,2,2,222
13512,261,1,17.85,4,4,3,443
13513,216,1,9.899999999999999,4,4,4,444
13514,74,1,39.900000000000006,3,4,2,342
13515,73,4,80.34,3,2,1,321
13517,30,3,54.599999999999994,2,2,2,222
13518,86,1,19.799999999999997,3,4,3,343
13519,79,1,11.9,3,4,4,344
13521,11,3,11.16,1,2,4,124
13522,90,1,17.700000000000003,3,4,3,343
13523,47,4,86.68,2,2,1,221
13524,41,5,175.20000000000002,2,1,1,211
13527,31,7,133.51,2,1,1,211
13529,79,2,33.2,3,3,3,333
13531,206,1,41.6,4,4,2,442
13532,182,1,2.08,4,4,4,444
13533,65,3,11.75,2,2,4,224
13536,10,7,144.57999999999998,1,1,1,111
13539,86,3,46.900000000000006,3,2,2,322
13544,40,2,10.7,2,3,4,234
13546,13,3,31.45,1,2,3,123
13548,67,2,11.049999999999999,2,3,4,234
13549,3,7,138.2,1,1,1,111
13551,320,1,17.85,4,4,3,443
13555,74,4,166.9,3,2,1,321
13557,29,2,49.8,2,3,2,232
13558,24,4,17.7,1,2,3,123
13560,301,1,2.95,4,4,4,444
13561,127,1,2.08,3,4,4,344
13562,82,3,53.650000000000006,3,2,2,322
13563,85,2,94.35,3,3,1,331
13565,20,2,11.0,1,3,4,134
13566,41,2,5.5,2,3,4,234
13568,174,1,8.3,4,4,4,444
13569,18,1,4.949999999999999,1,4,4,144
13570,67,1,3.9,2,4,4,244
13572,206,1,17.700000000000003,4,4,3,443
13573,51,2,41.67,2,3,2,232
13575,0,5,99.61,1,1,1,111
13577,6,4,86.4,1,2,1,121
13579,15,1,47.7,1,4,2,142
13581,283,1,7.95,4,4,4,444
13583,156,1,9.0,3,4,4,344
13584,191,1,9.95,4,4,4,444
13587,153,1,23.4,3,4,3,343
13588,16,9,101.00999999999999,1,1,1,111
13589,15,2,39.95,1,3,2,132
13591,183,3,57.120000000000005,4,2,2,422
13592,66,4,79.07,2,2,1,221
13593,109,5,60.8,3,1,2,312
13594,53,1,9.9,2,4,4,244
13596,13,2,21.78,1,3,3,133
13598,48,1,1.25,2,4,4,244
13600,313,1,4.95,4,4,4,444
13601,5,2,19.45,1,3,3,133
13602,183,1,16.5,4,4,3,443
13603,27,1,6.24,2,4,4,244
13606,60,3,52.19,2,2,2,222
13607,41,1,23.4,2,4,3,243
13610,13,7,62.790000000000006,1,1,2,112
13611,31,3,70.2,2,2,2,222
13614,25,4,50.040000000000006,1,2,2,122
13615,319,1,23.25,4,4,3,443
13617,4,3,23.65,1,2,3,123
13618,174,1,6.959999999999999,4,4,4,444
13621,117,1,4.0,3,4,4,344
13623,90,5,53.14,3,1,2,312
13626,340,1,17.4,4,4,3,443
13627,30,5,84.47999999999999,2,1,1,211
13632,25,5,72.87,1,1,2,112
13634,36,5,27.04,2,1,3,213
13635,275,1,17.4,4,4,3,443
13636,93,5,105.35,3,1,1,311
13637,53,3,17.849999999999998,2,2,3,223
13638,16,1,10.5,1,4,4,144
13639,75,1,23.4,3,4,3,343
13642,127,1,4.25,3,4,4,344
13643,121,3,39.5,3,2,2,322
13644,17,4,83.34,1,2,1,121
13645,32,1,19.9,2,4,3,243
13647,10,4,78.26,1,2,1,121
13649,257,1,15.299999999999999,4,4,4,444
13650,1,6,88.34,1,1,1,111
13651,40,2,28.5,2,3,3,233
13652,46,2,42.04,2,3,2,232
13654,36,6,159.2,2,1,1,211
13655,6,2,45.8,1,3,2,132
13656,165,2,12.75,3,3,4,334
13657,11,2,22.8,1,3,3,133
13658,10,5,130.88000000000002,1,1,1,111
13659,206,2,75.55,4,3,1,431
13662,35,3,67.8,2,2,2,222
13663,180,1,16.5,4,4,3,443
13666,61,3,39.8,2,2,2,222
13667,150,1,4.16,3,4,4,344
13669,51,2,17.55,2,3,3,233
13670,76,1,16.5,3,4,3,343
13672,38,2,81.0,2,3,1,231
13673,19,2,31.2,1,3,3,133
13675,33,2,54.96,2,3,2,232
13678,33,1,4.8,2,4,4,244
13680,40,4,131.85,2,2,1,221
13681,18,4,55.61,1,2,2,122
13682,218,1,25.5,4,4,3,443
13684,286,1,3.0,4,4,4,444
13686,65,1,8.5,2,4,4,244
13689,153,1,179.0,3,4,1,341
13690,30,1,10.2,2,4,4,244
13692,25,3,74.9,1,2,2,122
13697,333,1,15.0,4,4,4,444
13699,156,1,17.700000000000003,3,4,3,343
13703,319,1,99.5,4,4,1,441
13704,0,9,176.68,1,1,1,111
13705,145,2,39.9,3,3,2,332
13706,69,1,7.800000000000001,2,4,4,244
13707,268,2,25.2,4,3,3,433
13708,272,1,4.949999999999999,4,4,4,444
13710,121,1,19.799999999999997,3,4,3,343
13711,219,2,55.400000000000006,4,3,2,432
13712,159,1,15.0,3,4,4,344
13715,223,4,39.089999999999996,4,2,2,422
13716,270,1,7.5,4,4,4,444
13717,57,6,60.99,2,1,2,212
13718,159,2,38.099999999999994,3,3,2,332
13719,16,5,83.25000000000001,1,1,1,111
13720,117,4,144.5,3,2,1,321
13721,274,1,9.48,4,4,4,444
13722,132,3,78.63,3,2,1,321
13723,188,1,47.2,4,4,2,442
13726,101,2,26.52,3,3,3,333
13727,29,2,29.85,2,3,3,233
13728,108,6,89.24,3,1,1,311
13730,136,2,37.8,3,3,2,332
13731,159,2,34.5,3,3,3,333
13732,29,1,14.22,2,4,4,244
13735,25,4,58.50000000000001,1,2,2,122
13736,242,2,10.690000000000001,4,3,4,434
13737,201,1,73.94999999999999,4,4,2,442
13739,19,1,41.7,1,4,2,142
13740,241,1,5.04,4,4,4,444
13741,72,3,81.85,3,2,1,321
13743,1,7,187.2,1,1,1,111
13744,215,2,22.68,4,3,3,433
13745,163,1,9.0,3,4,4,344
13748,159,4,51.41,3,2,2,322
13751,289,1,165.0,4,4,1,441
13752,96,6,203.55,3,1,1,311
13753,288,1,15.0,4,4,4,444
13754,33,2,30.6,2,3,3,233
13755,10,9,103.18000000000002,1,1,1,111
13759,72,2,116.4,3,3,1,331
13760,55,2,7.99,2,3,4,234
13761,51,2,28.4,2,3,3,233
13762,219,1,104.39999999999999,4,4,1,441
13763,153,1,162.72,3,4,1,341
13764,71,3,37.34,3,2,2,322
13771,183,4,190.7,4,2,1,421
13772,182,3,67.4,4,2,2,422
13774,82,1,19.8,3,4,3,343
13778,104,1,8.25,3,4,4,344
13780,171,2,7.15,4,3,4,434
13781,281,1,4.25,4,4,4,444
13782,13,6,47.97,1,1,2,112
13787,76,1,5.9,3,4,4,344
13790,212,1,4.5600000000000005,4,4,4,444
13792,244,2,35.550000000000004,4,3,2,432
13799,117,2,60.9,3,3,2,332
13800,283,1,30.0,4,4,3,443
13801,244,1,9.95,4,4,4,444
13802,139,3,206.8,3,2,1,321
13803,256,1,17.700000000000003,4,4,3,443
13804,79,7,147.99,3,1,1,311
13805,53,2,205.48000000000002,2,3,1,231
13806,153,1,65.4,3,4,2,342
13808,47,5,181.98,2,1,1,211
13819,38,3,54.2,2,2,2,222
13821,145,2,31.740000000000002,3,3,3,333
13822,41,2,12.09,2,3,4,234
13823,19,2,50.5,1,3,2,132
13826,177,1,21.9,4,4,3,443
13827,58,3,11.1,2,2,4,224
13828,23,1,14.850000000000001,1,4,4,144
13832,20,1,17.4,1,4,3,143
13833,278,1,15.9,4,4,3,443
13835,26,4,81.45,2,2,1,221
13837,5,2,18.75,1,3,3,133
13838,118,3,8.65,3,2,4,324
13841,340,1,85.0,4,4,1,441
13842,0,8,142.16000000000003,1,1,1,111
13844,12,1,20.8,1,4,3,143
13845,183,1,19.799999999999997,4,4,3,443
13846,25,3,46.95,1,2,2,122
13849,52,2,32.7,2,3,3,233
13850,305,1,17.4,4,4,3,443
13851,215,3,39.7,4,2,2,422
13853,58,1,118.44,2,4,1,241
13856,95,3,177.0,3,2,1,321
13858,58,1,12.600000000000001,2,4,4,244
13859,327,1,3.75,4,4,4,444
13860,15,5,97.74000000000001,1,1,1,111
13862,19,8,121.38,1,1,1,111
13863,189,1,11.9,4,4,4,444
13865,0,4,72.2,1,2,2,122
13866,75,1,27.04,3,4,3,343
13867,75,3,45.9,3,2,2,322
13869,124,4,38.1,3,2,2,322
13870,41,8,170.20000000000002,2,1,1,211
13873,2,3,61.6,1,2,2,122
13875,38,5,106.96000000000001,2,1,1,211
13876,153,1,15.0,3,4,4,344
13877,87,1,69.6,3,4,2,342
13878,55,1,60.0,2,4,2,242
13882,12,5,87.75,1,1,1,111
13883,11,5,76.9,1,1,1,111
13884,31,5,79.2,2,1,1,211
13885,201,2,23.4,4,3,3,433
13886,72,1,10.2,3,4,4,344
13887,205,1,9.959999999999999,4,4,4,444
13888,2,2,20.200000000000003,1,3,3,133
13889,123,1,25.0,3,4,3,343
13890,23,10,148.31,1,1,1,111
13892,27,4,171.84,2,2,1,221
13893,298,1,15.9,4,4,3,443
13894,24,3,71.7,1,2,2,122
13895,29,4,82.45000000000002,2,2,1,221
13897,51,1,15.0,2,4,4,244
13898,326,1,10.2,4,4,4,444
13899,17,2,68.4,1,3,2,132
13900,95,3,37.019999999999996,3,2,2,322
13901,73,5,126.91,3,1,1,311
13904,295,2,32.34,4,3,3,433
13908,80,4,77.33,3,2,1,321
13911,58,9,200.12,2,1,1,211
13914,12,2,25.62,1,3,3,133
13917,50,2,17.28,2,3,3,233
13918,50,2,99.72,2,3,1,231
13922,352,1,17.700000000000003,4,4,3,443
13923,54,1,5.04,2,4,4,244
13924,18,6,74.72,1,1,2,112
13925,63,4,85.9,2,2,1,221
13926,24,1,35.400000000000006,1,4,2,142
13927,75,1,16.6,3,4,3,343
13928,11,4,80.20000000000002,1,2,1,121
13930,58,2,35.6,2,3,2,232
13932,295,1,17.0,4,4,3,443
13933,110,2,40.050000000000004,3,3,2,332
13934,264,1,19.799999999999997,4,4,3,443
13936,180,1,3.4799999999999995,4,4,4,444
13937,170,1,30.599999999999998,4,4,3,443
13938,243,1,13.28,4,4,4,444
13939,24,3,63.00000000000001,1,2,2,122
13940,18,4,82.2,1,2,1,121
13947,214,1,13.5,4,4,4,444
13949,25,6,129.93,1,1,1,111
13950,12,4,133.68,1,2,1,121
13951,177,3,50.099999999999994,4,2,2,422
13952,188,2,54.0,4,3,2,432
13954,71,2,38.4,3,3,2,332
13955,125,2,55.95,3,3,2,332
13956,55,5,16.2,2,1,3,213
13959,80,3,58.25,3,2,2,322
13960,22,2,35.400000000000006,1,3,2,132
13962,22,2,35.5,1,3,2,132
13963,252,3,99.3,4,2,1,421
13967,146,1,35.7,3,4,2,342
13971,19,8,148.25,1,1,1,111
13972,71,2,24.659999999999997,3,3,3,333
13973,288,1,15.0,4,4,4,444
13974,50,1,15.0,2,4,4,244
13975,121,6,101.24000000000001,3,1,1,311
13976,207,1,69.36,4,4,2,442
13978,15,2,78.36000000000001,1,3,1,131
13979,74,1,20.8,3,4,3,343
13980,61,1,22.5,2,4,3,243
13982,40,3,99.8,2,2,1,221
13986,18,1,35.400000000000006,1,4,2,142
13988,20,6,135.18,1,1,1,111
13989,214,2,39.6,4,3,2,432
13990,66,1,23.4,2,4,3,243
13991,13,6,61.940000000000005,1,1,2,112
13992,90,1,20.0,3,4,3,343
13994,40,6,134.4,2,1,1,211
13995,16,5,82.5,1,1,1,111
14000,5,1,61.199999999999996,1,4,2,142
14001,46,2,45.4,2,3,2,232
14002,135,2,17.88,3,3,3,333
14004,44,7,152.04999999999998,2,1,1,211
14006,6,3,110.52000000000001,1,2,1,121
14009,199,2,45.3,4,3,2,432
14012,160,1,37.2,3,4,2,342
14013,98,3,36.78,3,2,2,322
14014,78,1,15.0,3,4,4,344
14015,53,1,108.48,2,4,1,241
14019,47,3,44.849999999999994,2,2,2,222
14020,1,2,49.8,1,3,2,132
14021,5,3,98.8,1,2,1,121
14022,226,1,10.5,4,4,4,444
14023,281,2,32.4,4,3,3,433
14024,63,2,35.650000000000006,2,3,2,232
14027,61,1,17.4,2,4,3,243
14029,145,2,130.2,3,3,1,331
14030,19,6,64.0,1,1,2,112
14034,23,3,30.130000000000003,1,2,3,123
14036,285,1,25.200000000000003,4,4,3,443
14037,177,1,17.700000000000003,4,4,3,443
14038,79,3,62.400000000000006,3,2,2,322
14039,182,1,69.6,4,4,2,442
14041,267,1,0.58,4,4,4,444
14044,27,4,28.099999999999998,2,2,3,223
14046,285,1,19.080000000000002,4,4,3,443
14047,74,4,127.9,3,2,1,321
14048,161,1,3.3,3,4,4,344
14049,17,4,105.25,1,2,1,121
14050,107,2,35.28,3,3,2,332
14052,20,1,2.08,1,4,4,144
14053,155,2,218.5,3,3,1,331
14054,214,1,16.5,4,4,3,443
14055,107,1,23.9,3,4,3,343
14059,267,1,23.4,4,4,3,443
14064,5,5,36.2,1,1,2,112
14066,267,1,17.700000000000003,4,4,3,443
14067,153,2,28.0,3,3,3,333
14068,321,1,29.5,4,4,3,443
14071,20,8,100.59000000000002,1,1,1,111
14073,152,1,10.2,3,4,4,344
14075,20,3,120.66,1,2,1,121
14076,305,1,16.95,4,4,3,443
14077,41,5,66.85,2,1,2,212
14079,155,1,15.0,3,4,4,344
14080,152,1,10.2,3,4,4,344
14081,69,1,5.95,2,4,4,244
14083,37,8,61.05000000000001,2,1,2,212
14087,151,1,2.16,3,4,4,344
14089,57,1,16.5,2,4,3,243
14090,325,1,76.32000000000001,4,4,1,441
14093,13,1,1.95,1,4,4,144
14098,274,1,8.25,4,4,4,444
14099,17,11,208.94,1,1,1,111
14100,138,1,7.95,3,4,4,344
14102,12,5,193.35,1,1,1,111
14104,125,2,89.16,3,3,1,331
14105,240,1,25.5,4,4,3,443
14107,52,6,154.32,2,1,1,211
14108,90,2,17.880000000000003,3,3,3,333
14109,73,1,15.0,3,4,4,344
14112,23,7,171.0,1,1,1,111
14114,37,2,107.39999999999999,2,3,1,231
14116,20,5,82.77,1,1,1,111
14117,144,1,30.0,3,4,3,343
14121,11,4,87.41999999999999,1,2,1,121
14124,85,1,90.0,3,4,1,341
14125,11,3,47.28,1,2,2,122
14126,11,3,142.7,1,2,1,121
14127,93,3,23.84,3,2,3,323
14128,61,2,14.399999999999999,2,3,4,234
14129,18,5,93.39999999999999,1,1,1,111
14130,320,1,15.0,4,4,4,444
14133,305,3,53.519999999999996,4,2,2,422
14138,120,2,27.42,3,3,3,333
14139,47,1,9.36,2,4,4,244
14140,121,2,39.0,3,3,2,332
14141,30,4,134.25,2,2,1,221
14143,134,1,17.0,3,4,3,343
14146,82,5,77.75999999999999,3,1,1,311
14147,79,2,217.6,3,3,1,331
14148,234,1,127.5,4,4,1,441
14149,280,1,17.700000000000003,4,4,3,443
14150,243,2,127.20000000000002,4,3,1,431
14152,76,2,18.46,3,3,3,333
14154,240,2,43.2,4,3,2,432
14155,267,1,17.85,4,4,3,443
14157,20,2,24.75,1,3,3,133
14158,41,1,4.5600000000000005,2,4,4,244
14159,20,11,75.64,1,1,1,111
14161,127,2,32.339999999999996,3,3,3,333
14162,174,2,33.45,4,3,3,433
14163,64,4,178.3,2,2,1,221
14165,98,1,5.9,3,4,4,344
14167,9,4,52.45,1,2,2,122
14171,304,1,8.5,4,4,4,444
14173,11,4,51.629999999999995,1,2,2,122
14174,182,1,5.78,4,4,4,444
14175,30,3,53.3,2,2,2,222
14176,298,3,78.30000000000001,4,2,1,421
14177,87,4,174.55,3,2,1,321
14178,29,7,47.52,2,1,2,212
14179,41,2,3.9000000000000004,2,3,4,234
14184,244,1,33.0,4,4,3,443
14185,9,1,12.75,1,4,4,144
14188,72,6,101.7,3,1,1,311
14193,270,2,37.8,4,3,2,432
14196,107,1,30.0,3,4,3,343
14198,19,4,75.65,1,2,1,121
14199,219,1,175.2,4,4,1,441
14201,61,7,205.85999999999999,2,1,1,211
14204,151,1,2.08,3,4,4,344
14205,17,2,41.1,1,3,2,132
14206,240,1,23.4,4,4,3,443
14208,184,1,10.5,4,4,4,444
14209,11,6,120.7,1,1,1,111
14210,106,5,90.80000000000001,3,1,1,311
14214,51,5,78.89999999999999,2,1,1,211
14215,12,5,94.60000000000001,1,1,1,111
14216,17,4,200.06,1,2,1,121
14218,43,1,4.5600000000000005,2,4,4,244
14219,212,1,16.5,4,4,3,443
14220,189,2,62.050000000000004,4,3,2,432
14221,43,9,196.79999999999998,2,1,1,211
14222,178,1,10.5,4,4,4,444
14223,123,3,46.699999999999996,3,2,2,322
14224,111,4,54.25,3,2,2,322
14226,29,5,164.85,2,1,1,211
14227,27,10,204.69,2,1,1,211
14229,52,3,191.0,2,2,1,221
14231,95,3,105.4,3,2,1,321
14232,43,5,97.74000000000001,2,1,1,211
14234,23,4,46.980000000000004,1,2,2,122
14236,81,1,13.200000000000001,3,4,4,344
14238,327,1,22.5,4,4,3,443
14239,44,11,202.17,2,1,1,211
14240,90,2,29.759999999999998,3,3,3,333
14241,95,1,17.700000000000003,3,4,3,343
14242,235,2,40.5,4,3,2,432
14243,128,9,209.28,3,1,1,311
14245,249,2,28.5,4,3,3,433
14246,111,3,62.25000000000001,3,2,2,322
14247,190,1,9.95,4,4,4,444
14248,319,1,15.0,4,4,4,444
14250,31,3,54.150000000000006,2,2,2,222
14256,261,1,10.2,4,4,4,444
14257,124,5,157.77,3,1,1,311
14259,142,1,33.0,3,4,3,343
14261,51,2,36.3,2,3,2,232
14264,125,2,55.2,3,3,2,332
14267,163,3,45.480000000000004,3,2,2,322
14270,9,1,23.8,1,4,3,143
14271,226,1,7.800000000000001,4,4,4,444
14272,74,2,35.5,3,3,2,332
14273,36,4,83.2,2,2,1,221
14276,4,3,66.1,1,2,2,122
14280,197,1,14.850000000000001,4,4,4,444
14284,87,2,37.85,3,3,2,332
14285,22,4,222.20000000000005,1,2,1,121
14286,24,3,43.2,1,2,2,122
14287,199,3,59.78,4,2,2,422
14288,66,1,35.400000000000006,2,4,2,242
14289,6,6,133.32,1,1,1,111
14290,12,5,70.78,1,1,2,112
14291,32,11,212.83,2,1,1,211
14293,148,3,63.599999999999994,3,2,2,322
14295,41,1,15.0,2,4,4,244
14297,18,4,109.25,1,2,1,121
14300,19,1,16.5,1,4,3,143
14301,118,1,60.0,3,4,2,342
14304,339,1,30.0,4,4,3,443
14305,72,3,35.6,3,2,2,322
14307,1,5,80.03999999999999,1,1,1,111
14311,36,1,10.2,2,4,4,244
14312,37,6,96.52000000000001,2,1,1,211
14314,107,1,4.8,3,4,4,344
14315,45,6,138.57999999999998,2,1,1,211
14317,183,1,16.5,4,4,3,443
14320,39,2,20.04,2,3,3,233
14321,11,5,117.84,1,1,1,111
14323,115,2,35.7,3,3,2,332
14326,36,1,60.0,2,4,2,242
14327,164,1,39.599999999999994,3,4,2,342
14329,18,7,184.05,1,1,1,111
14331,136,2,32.85,3,3,3,333
14332,23,3,204.84,1,2,1,121
14333,275,1,50.0,4,4,2,442
14334,17,8,114.95,1,1,1,111
14336,17,4,74.4,1,2,2,122
14338,197,2,25.950000000000003,4,3,3,433
14339,36,1,17.4,2,4,3,243
14340,219,1,27.0,4,4,3,443
14341,46,8,142.05,2,1,1,211
14342,22,4,223.2,1,2,1,121
14344,98,6,78.15,3,1,1,311
14345,333,1,15.0,4,4,4,444
14346,32,2,22.5,2,3,3,233
14348,261,1,91.80000000000001,4,4,1,441
14349,11,1,1.95,1,4,4,144
14350,68,1,19.8,2,4,3,243
14351,165,1,51.0,3,4,2,342
14352,37,4,148.0,2,2,1,221
14353,127,1,3.9000000000000004,3,4,4,344
14354,90,2,56.4,3,3,2,332
14356,80,2,35.4,3,3,2,332
14357,44,1,7.5,2,4,4,244
14359,20,3,40.4,1,2,2,122
14360,121,4,71.1,3,2,2,322
14362,23,1,4.25,1,4,4,144
14368,320,1,17.0,4,4,3,443
14371,296,1,19.8,4,4,3,443
14375,157,1,2.95,3,4,4,344
14377,263,2,195.14999999999998,4,3,1,431
14379,45,2,35.85,2,3,2,232
14381,53,1,2.6,2,4,4,244
14382,27,1,10.5,2,4,4,244
14383,164,3,83.8,3,2,1,321
14385,10,3,51.15,1,2,2,122
14386,297,1,31.8,4,4,3,443
14387,75,3,42.0,3,2,2,322
14388,11,7,111.27,1,1,1,111
14389,214,2,49.6,4,3,2,432
14390,5,8,142.14,1,1,1,111
14393,219,1,17.25,4,4,3,443
14395,61,8,68.4,2,1,2,212
14396,214,1,4.2,4,4,4,444
14400,150,1,15.0,3,4,4,344
14404,109,5,139.17000000000002,3,1,1,311
14406,2,1,20.8,1,4,3,143
14408,11,7,180.8,1,1,1,111
14409,72,4,68.6,3,2,2,322
14410,123,9,134.08,3,1,1,311
14411,311,1,91.80000000000001,4,4,1,441
14412,43,2,47.1,2,3,2,232
14414,92,7,82.24000000000001,3,1,1,311
14416,23,2,39.5,1,3,2,132
14418,26,3,39.54,2,2,2,222
14419,11,5,23.55,1,1,3,113
14420,335,1,19.799999999999997,4,4,3,443
14421,5,2,37.199999999999996,1,3,2,132
14422,18,6,156.1,1,1,1,111
14423,219,1,163.2,4,4,1,441
14427,51,2,46.64,2,3,2,232
14428,80,5,114.33,3,1,1,311
14431,69,1,30.599999999999998,2,4,3,243
14432,10,6,71.52,1,1,2,112
14436,304,1,12.5,4,4,4,444
14438,191,1,7.5,4,4,4,444
14440,43,4,134.72,2,2,1,221
14441,44,4,90.20000000000002,2,2,1,221
14443,54,3,42.17999999999999,2,2,2,222
14446,29,4,30.2,2,2,3,223
14447,19,5,94.5,1,1,1,111
14448,10,1,35.400000000000006,1,4,2,142
14449,19,3,9.41,1,2,4,124
14450,4,3,27.4,1,2,3,123
14451,61,2,18.299999999999997,2,3,3,233
14452,11,2,8.25,1,3,4,134
14453,307,1,5.75,4,4,4,444
14456,23,9,50.39999999999999,1,1,2,112
14457,311,1,45.0,4,4,2,442
14459,156,1,76.5,3,4,1,341
14460,111,3,109.19999999999999,3,2,1,321
14461,149,3,49.5,3,2,2,322
14462,32,11,122.46,2,1,1,211
14465,69,3,27.490000000000002,2,2,3,223
14466,60,6,218.85,2,1,1,211
14467,18,4,24.25,1,2,3,123
14470,12,2,18.15,1,3,3,133
14472,64,8,57.410000000000004,2,1,2,212
14473,75,2,123.16,3,3,1,331
14474,47,1,11.7,2,4,4,244
14475,72,3,42.36000000000001,3,2,2,322
14476,258,1,5.9,4,4,4,444
14479,254,1,17.700000000000003,4,4,3,443
14480,12,1,20.28,1,4,3,143
14481,165,2,35.4,3,3,2,332
14482,19,6,55.879999999999995,1,1,2,112
14483,282,1,8.850000000000001,4,4,4,444
14484,51,1,20.4,2,4,3,243
14485,333,1,1.65,4,4,4,444
14487,27,5,37.9,2,1,2,212
14488,275,1,30.0,4,4,3,443
14489,208,1,29.88,4,4,3,443
14491,176,1,19.799999999999997,4,4,3,443
14493,17,5,141.54000000000002,1,1,1,111
14494,26,1,17.4,2,4,3,243
14495,51,2,41.6,2,3,2,232
14496,342,1,22.5,4,4,3,443
14497,283,1,15.6,4,4,3,443
14498,43,5,52.94,2,1,2,212
14499,27,3,20.099999999999998,2,2,3,223
14500,1,3,84.75,1,2,1,121
14501,95,2,44.74,3,3,2,332
14504,48,4,27.67,2,2,3,223
14505,18,8,65.54,1,1,2,112
14506,18,4,65.85,1,2,2,122
14508,23,2,10.74,1,3,4,134
14511,12,5,94.50000000000001,1,1,1,111
14512,218,2,24.15,4,3,3,433
14513,101,3,194.89000000000001,3,2,1,321
14514,9,3,78.75,1,2,1,121
14515,18,6,85.03,1,1,1,111
14517,142,2,63.0,3,3,2,332
14518,183,1,0.95,4,4,4,444
14520,120,2,175.2,3,3,1,331
14523,109,1,12.5,3,4,4,344
14524,72,9,164.26000000000002,3,1,1,311
14525,20,9,96.13,1,1,1,111
14528,302,1,4.35,4,4,4,444
14529,61,3,3.37,2,2,4,224
14530,26,6,154.25,2,1,1,211
14532,237,4,62.599999999999994,4,2,2,422
14533,25,7,216.72,1,1,1,111
14535,61,3,38.4,2,2,2,222
14536,260,1,0.85,4,4,4,444
14537,58,1,49.800000000000004,2,4,2,242
14538,183,2,50.7,4,3,2,432
14539,16,2,34.8,1,3,3,133
14540,10,3,38.95,1,2,2,122
14541,0,8,153.81,1,1,1,111
14542,157,1,17.0,3,4,3,343
14544,25,2,35.199999999999996,1,3,2,132
14546,41,5,69.96000000000001,2,1,2,212
14547,13,8,90.34,1,1,1,111
14549,342,1,8.25,4,4,4,444
14550,11,2,20.78,1,3,3,133
14551,19,2,27.64,1,3,3,133
14552,33,1,3.38,2,4,4,244
14553,20,5,38.650000000000006,1,1,2,112
14554,11,4,111.92000000000002,1,2,1,121
14555,58,2,38.8,2,3,2,232
14557,86,1,69.6,3,4,2,342
14561,76,3,34.2,3,2,3,323
14565,114,4,67.25999999999999,3,2,2,322
14567,57,2,94.80000000000001,2,3,1,231
14569,120,1,1.95,3,4,4,344
14570,251,2,6.75,4,3,4,434
14572,41,7,98.0,2,1,1,211
14573,35,8,42.150000000000006,2,1,2,212
14577,13,4,31.7,1,2,3,123
14578,181,1,28.080000000000002,4,4,3,443
14581,17,1,15.600000000000001,1,4,3,143
14582,41,1,19.9,2,4,3,243
14583,145,5,18.770000000000003,3,1,3,313
14584,95,4,31.5,3,2,3,323
14585,51,1,1.66,2,4,4,244
14586,129,1,15.0,3,4,4,344
14587,9,9,68.95000000000002,1,1,2,112
14591,16,4,124.25999999999999,1,2,1,121
14592,57,3,7.54,2,2,4,224
14593,22,3,9.290000000000001,1,2,4,124
14594,301,1,0.85,4,4,4,444
14595,20,6,89.94,1,1,1,111
14597,12,2,37.71,1,3,2,132
14598,45,1,1.7,2,4,4,244
14600,161,1,15.0,3,4,4,344
14601,11,1,90.0,1,4,1,141
14603,68,1,150.0,2,4,1,241
14618,10,3,109.8,1,2,1,121
14619,128,1,19.9,3,4,3,343
14620,206,2,18.18,4,3,3,433
14621,90,5,143.6,3,1,1,311
14622,126,1,20.8,3,4,3,343
14623,44,5,32.31,2,1,3,213
14624,30,2,35.1,2,3,3,233
14625,197,2,30.5,4,3,3,433
14626,24,4,65.88,1,2,2,122
14628,36,2,54.6,2,3,2,232
14629,48,2,19.45,2,3,3,233
14631,51,3,114.30000000000001,2,2,1,221
14632,263,1,15.9,4,4,3,443
14633,267,1,15.8,4,4,3,443
14636,269,2,62.46,4,3,2,432
14638,51,1,57.800000000000004,2,4,2,242
14639,32,6,125.08999999999999,2,1,1,211
14640,25,6,188.91000000000003,1,1,1,111
14641,22,1,39.599999999999994,1,4,2,142
14642,0,1,19.8,1,4,3,143
14643,171,2,30.759999999999998,4,3,3,433
14644,275,2,107.34000000000002,4,3,1,431
14645,98,2,39.099999999999994,3,3,2,332
14647,202,1,9.9,4,4,4,444
14649,35,4,52.75,2,2,2,222
14651,5,2,9.39,1,3,4,134
14652,78,1,4.25,3,4,4,344
14653,10,7,82.91999999999999,1,1,1,111
14655,23,4,81.55000000000001,1,2,1,121
14656,170,2,22.7,4,3,3,433
14657,18,4,33.52,1,2,3,123
14658,118,2,3.74,3,3,4,334
14659,79,9,119.48,3,1,1,311
14660,87,2,8.64,3,3,4,334
14661,27,1,0.85,2,4,4,244
14662,29,4,12.65,2,2,4,224
14664,20,2,22.4,1,3,3,133
14665,31,5,198.39999999999998,2,1,1,211
14666,25,1,6.6,1,4,4,144
14669,6,3,27.35,1,2,3,123
14670,251,2,13.9,4,3,4,434
14672,162,2,17.55,3,3,3,333
14673,10,4,141.6,1,2,1,121
14675,17,1,1.65,1,4,4,144
14681,5,3,120.0,1,2,1,121
14682,202,2,52.0,4,3,2,432
14684,26,5,11.48,2,1,4,214
14687,107,1,10.2,3,4,4,344
14689,209,1,7.95,4,4,4,444
14690,33,2,19.5,2,3,3,233
14691,35,5,180.89999999999998,2,1,1,211
14692,138,4,37.050000000000004,3,2,2,322
14693,265,1,4.25,4,4,4,444
14696,2,6,97.12,1,1,1,111
14697,219,2,22.63,4,3,3,433
14698,16,5,35.4,1,1,2,112
14699,96,1,12.600000000000001,3,4,4,344
14700,152,3,22.45,3,2,3,323
14701,11,9,170.28999999999996,1,1,1,111
14703,15,1,16.5,1,4,3,143
14704,4,9,72.94999999999999,1,1,2,112
14705,199,1,179.0,4,4,1,441
14708,125,2,141.89999999999998,3,3,1,331
14710,15,4,44.559999999999995,1,2,2,122
14712,60,3,164.65,2,2,1,221
14713,10,10,126.07000000000001,1,1,1,111
14714,25,1,9.899999999999999,1,4,4,144
14715,9,4,104.8,1,2,1,121
14716,44,2,7.19,2,3,4,234
14719,11,5,54.65,1,1,2,112
14720,31,3,45.75,2,2,2,222
14722,148,1,7.95,3,4,4,344
14723,11,4,19.0,1,2,3,123
14725,25,1,12.5,1,4,4,144
14727,68,1,50.849999999999994,2,4,2,242
14730,108,8,41.949999999999996,3,1,2,312
14731,35,3,46.2,2,2,2,222
14732,1,8,150.84,1,1,1,111
14738,5,7,167.89999999999998,1,1,1,111
14740,198,3,42.239999999999995,4,2,2,422
14741,12,5,219.10000000000002,1,1,1,111
14744,17,6,67.38,1,1,2,112
14745,113,5,145.60000000000002,3,1,1,311
14747,250,1,33.9,4,4,3,443
14748,35,3,45.47999999999999,2,2,2,222
14752,44,1,208.79999999999998,2,4,1,241
14753,88,1,17.85,3,4,3,343
14754,45,2,31.5,2,3,3,233
14756,16,1,20.8,1,4,3,143
14757,76,1,34.5,3,4,3,343
14758,145,4,83.32,3,2,1,321
14759,113,3,54.25,3,2,2,322
14760,298,1,10.2,4,4,4,444
14761,0,2,56.699999999999996,1,3,2,132
14762,264,1,15.0,4,4,4,444
14764,47,1,67.2,2,4,2,242
14765,60,3,36.95,2,2,2,222
14766,66,5,108.03,2,1,1,211
14768,18,2,94.80000000000001,1,3,1,131
14769,83,8,131.46,3,1,1,311
14770,233,2,25.5,4,3,3,433
14772,113,1,17.4,3,4,3,343
14775,0,2,39.599999999999994,1,3,2,132
14778,246,2,60.0,4,3,2,432
14779,251,3,54.95,4,2,2,422
14780,55,2,35.02,2,3,3,233
14782,320,1,90.0,4,4,1,441
14784,27,2,80.51,2,3,1,231
14785,11,2,67.92,1,3,2,132
14788,27,2,37.5,2,3,2,232
14789,29,1,28.44,2,4,3,243
14790,2,4,121.42,1,2,1,121
14792,153,1,1.95,3,4,4,344
14793,22,1,15.0,1,4,4,144
14794,10,7,148.45,1,1,1,111
14795,167,1,31.8,3,4,3,343
14798,53,3,40.2,2,2,2,222
14799,52,1,5.76,2,4,4,244
14800,30,11,76.94,2,1,1,211
14801,91,1,0.72,3,4,4,344
14803,98,3,181.54999999999998,3,2,1,321
14804,332,1,53.1,4,4,2,442
14805,16,4,102.69999999999999,1,2,1,121
14806,76,1,10.5,3,4,4,344
14808,40,8,202.45999999999998,2,1,1,211
14810,41,10,133.20000000000002,2,1,1,211
14815,274,2,42.36,4,3,2,432
14816,198,1,9.95,4,4,4,444
14817,160,2,21.25,3,3,3,333
14818,74,3,17.5,3,2,3,323
14819,183,2,37.77,4,3,2,432
14820,22,4,81.69999999999999,1,2,1,121
14823,4,3,19.45,1,2,3,123
14829,60,3,52.0,2,2,2,222
14830,54,1,2.08,2,4,4,244
14836,11,3,41.4,1,2,2,122
14837,31,4,58.51,2,2,2,222
14840,268,1,15.0,4,4,4,444
14841,30,6,207.93000000000004,2,1,1,211
14842,44,4,81.7,2,2,1,221
14844,6,4,99.20000000000002,1,2,1,121
14847,149,1,25.0,3,4,3,343
14850,342,1,2.1,4,4,4,444
14851,24,2,73.2,1,3,2,132
14852,0,6,122.0,1,1,1,111
14853,5,2,195.0,1,3,1,131
14854,68,7,200.7,2,1,1,211
14855,2,2,50.39999999999999,1,3,2,132
14856,57,3,46.5,2,2,2,222
14857,30,2,45.3,2,3,2,232
14859,13,4,69.24,1,2,2,122
14860,20,1,13.52,1,4,4,144
14861,53,1,39.6,2,4,2,242
14862,26,2,38.68,2,3,2,232
14863,60,1,34.68,2,4,3,243
14865,301,1,15.0,4,4,4,444
14867,157,3,39.92,3,2,2,322
14868,22,8,152.8,1,1,1,111
14869,104,2,32.4,3,3,3,333
14870,262,1,14.850000000000001,4,4,4,444
14871,179,4,41.84,4,2,2,422
14873,211,1,25.5,4,4,3,443
14875,108,2,77.10000000000001,3,3,1,331
14880,78,3,45.3,3,2,2,322
14881,20,1,15.0,1,4,4,144
14882,27,2,128.4,2,3,1,231
14883,5,6,58.480000000000004,1,1,2,112
14885,132,1,20.4,3,4,3,343
14886,340,1,39.8,4,4,2,442
14887,80,1,72.0,3,4,2,342
14888,208,1,16.5,4,4,3,443
14889,162,1,10.2,3,4,4,344
14890,254,1,10.2,4,4,4,444
14891,149,2,43.5,3,3,2,332
14893,10,2,24.96,1,3,3,133
14894,86,1,40.8,3,4,2,342
14896,205,1,17.700000000000003,4,4,3,443
14897,1,4,79.56,1,2,1,121
14898,24,5,145.21,1,1,1,111
14901,1,7,113.26,1,1,1,111
14902,26,1,16.5,2,4,3,243
14903,22,5,61.0,1,1,2,112
14904,26,2,37.44,2,3,2,232
14905,217,2,121.19999999999999,4,3,1,431
14907,29,6,156.72000000000003,2,1,1,211
14908,75,1,9.9,3,4,4,344
14910,26,4,58.480000000000004,2,2,2,222
14913,37,4,34.02,2,2,3,223
14915,92,2,57.480000000000004,3,3,2,332
14916,71,4,30.72,3,2,3,323
14918,116,2,85.80000000000001,3,3,1,331
14920,35,2,34.2,2,3,3,233
14921,90,2,55.080000000000005,3,3,2,332
14923,51,1,19.8,2,4,3,243
14924,128,1,47.400000000000006,3,4,2,342
14929,152,1,17.4,3,4,3,343
14946,15,1,33.2,1,4,3,143
14947,73,2,70.32,3,3,2,332
14948,24,6,118.92000000000002,1,1,1,111
14950,20,1,17.0,1,4,3,143
14951,80,1,1.92,3,4,4,344
14953,26,1,3.3,2,4,4,244
14954,13,1,4.25,1,4,4,144
14957,254,1,5.0,4,4,4,444
14958,128,3,47.9,3,2,2,322
14959,110,4,53.75,3,2,2,322
14960,172,2,84.0,4,3,1,431
14962,271,1,14.850000000000001,4,4,4,444
14963,10,5,41.3,1,1,2,112
14964,189,1,12.75,4,4,4,444
14965,245,2,77.08,4,3,1,431
14966,15,1,2.5,1,4,4,144
14967,50,1,15.0,2,4,4,244
14968,90,1,1.66,3,4,4,344
14970,138,4,175.58,3,2,1,321
14971,44,3,35.849999999999994,2,2,2,222
14972,277,1,12.75,4,4,4,444
14973,108,3,74.7,3,2,2,322
14974,302,1,4.95,4,4,4,444
14975,58,1,11.7,2,4,4,244
14976,58,7,67.0,2,1,2,212
14978,73,5,75.15,3,1,2,312
14981,159,1,16.5,3,4,3,343
14984,4,2,7.53,1,3,4,134
14985,199,2,8.85,4,3,4,434
14987,16,1,81.6,1,4,1,141
14988,5,1,1.66,1,4,4,144
14995,251,2,12.45,4,3,4,434
14997,1,3,43.08,1,2,2,122
14998,6,2,7.85,1,3,4,134
15000,48,1,13.9,2,4,4,244
15002,116,3,60.900000000000006,3,2,2,322
15004,148,1,3.3,3,4,4,344
15006,52,1,5.9,2,4,4,244
15007,278,1,15.0,4,4,4,444
15009,13,3,66.02,1,2,2,122
15010,243,1,22.5,4,4,3,443
15012,54,1,2.95,2,4,4,244
15014,44,2,39.45,2,3,2,232
15016,173,1,7.95,4,4,4,444
15017,182,1,3.75,4,4,4,444
15018,333,2,16.450000000000003,4,3,3,433
15019,267,1,0.85,4,4,4,444
15021,27,8,31.060000000000002,2,1,3,213
15022,12,4,59.95,1,2,2,122
15023,40,10,116.51,2,1,1,211
15024,10,8,93.25,1,1,1,111
15025,182,1,5.95,4,4,4,444
15026,81,3,22.2,3,2,3,323
15027,90,4,198.89999999999998,3,2,1,321
15028,43,3,52.5,2,2,2,222
15030,72,2,125.4,3,3,1,331
15031,90,4,7.479999999999999,3,2,4,324
15032,257,1,16.5,4,4,3,443
15033,26,10,76.29,2,1,1,211
15034,16,8,145.2,1,1,1,111
15035,31,1,3.75,2,4,4,244
15036,73,3,28.270000000000003,3,2,3,323
15038,0,5,33.040000000000006,1,1,3,113
15041,171,1,4.15,4,4,4,444
15042,200,1,76.5,4,4,1,441
15043,121,1,179.0,3,4,1,341
15045,33,2,95.28000000000002,2,3,1,231
15047,270,1,12.600000000000001,4,4,4,444
15048,117,3,17.38,3,2,3,323
15049,37,1,1.7,2,4,4,244
15050,26,3,118.86,2,2,1,221
15051,3,3,12.71,1,2,4,124
15052,320,1,5.1,4,4,4,444
15053,186,3,30.9,4,2,3,423
15054,13,2,18.39,1,3,3,133
15058,26,11,136.6,2,1,1,211
15059,41,9,80.77,2,1,1,211
15060,10,4,22.279999999999998,1,2,3,123
15062,72,4,68.5,3,2,2,322
15063,66,1,30.599999999999998,2,4,3,243
15065,165,4,70.2,3,2,2,322
15066,54,1,18.75,2,4,3,243
15067,79,3,72.9,3,2,2,322
15068,47,2,18.5,2,3,3,233
15069,180,1,12.75,4,4,4,444
15071,98,2,155.8,3,3,1,331
15073,10,3,102.67999999999999,1,2,1,121
15074,106,1,34.68,3,4,3,343
15075,78,1,33.2,3,4,3,343
15076,173,1,21.9,4,4,3,443
15079,35,3,104.9,2,2,1,221
15081,23,4,68.2,1,2,2,122
15083,257,1,34.8,4,4,3,443
15087,282,1,24.96,4,4,3,443
15088,22,2,54.150000000000006,1,3,2,132
15089,11,6,111.11000000000001,1,1,1,111
15090,252,1,16.5,4,4,3,443
15091,275,1,34.0,4,4,3,443
15092,127,2,54.15,3,3,2,332
15095,104,4,85.2,3,2,1,321
15096,43,1,17.85,2,4,3,243
15097,212,1,5.1,4,4,4,444
15099,85,1,14.75,3,4,4,344
15100,70,1,175.2,2,4,1,241
15101,332,2,71.28,4,3,2,432
15103,87,2,40.739999999999995,3,3,2,332
15104,197,2,56.4,4,3,2,432
15105,19,7,164.76,1,1,1,111
15106,5,5,82.89,1,1,1,111
15107,39,5,97.25,2,1,1,211
15109,128,1,15.0,3,4,4,344
15110,24,4,104.45,1,2,1,121
15111,60,2,64.6,2,3,2,232
15114,38,10,185.71999999999997,2,1,1,211
15115,19,1,10.2,1,4,4,144
15116,18,4,177.8,1,2,1,121
15117,15,5,213.95,1,1,1,111
15119,128,1,33.9,3,4,3,343
15120,134,1,39.6,3,4,2,342
15121,51,2,34.650000000000006,2,3,3,233
15122,115,3,47.599999999999994,3,2,2,322
15123,207,2,30.9,4,3,3,433
15124,23,2,21.72,1,3,3,133
15127,214,1,24.75,4,4,3,443
15128,61,4,88.4,2,2,1,221
15130,170,1,15.0,4,4,4,444
15132,19,5,113.50000000000001,1,1,1,111
15133,38,3,96.56,2,2,1,221
15134,15,8,187.58,1,1,1,111
15135,240,1,19.5,4,4,3,443
15136,23,4,72.83000000000001,1,2,2,122
15139,162,2,22.560000000000002,3,3,3,333
15140,53,7,161.16,2,1,1,211
15142,47,1,15.0,2,4,4,244
15143,226,1,19.799999999999997,4,4,3,443
15145,44,4,54.36,2,2,2,222
15146,165,2,39.599999999999994,3,3,2,332
15147,241,1,15.0,4,4,4,444
15148,11,1,20.1,1,4,3,143
15149,134,1,17.0,3,4,3,343
15150,18,10,211.31,1,1,1,111
15153,121,1,12.48,3,4,4,344
15154,76,1,2.95,3,4,4,344
15156,120,3,75.1,3,2,2,322
15157,125,3,53.839999999999996,3,2,2,322
15158,46,1,122.04,2,4,1,241
15163,19,2,86.3,1,3,1,131
15164,209,3,32.92,4,2,3,423
15167,321,1,2.1,4,4,4,444
15168,26,1,47.7,2,4,2,242
15171,9,1,127.49999999999999,1,4,1,141
15172,71,5,67.25999999999999,3,1,2,312
15174,323,1,15.6,4,4,3,443
15175,72,1,17.4,3,4,3,343
15178,261,1,19.5,4,4,3,443
15179,19,5,214.83,1,1,1,111
15181,176,3,120.6,4,2,1,421
15182,125,2,36.6,3,3,2,332
15184,60,2,17.85,2,3,3,233
15185,71,1,15.600000000000001,3,4,3,343
15186,15,2,61.300000000000004,1,3,2,132
15192,2,2,45.3,1,3,2,132
15193,61,1,70.8,2,4,2,242
15198,123,2,33.32,3,3,3,333
15201,88,5,203.98000000000002,3,1,1,311
15203,26,6,64.38,2,1,2,212
15205,86,2,22.650000000000002,3,3,3,333
15206,11,4,157.79999999999998,1,2,1,121
15208,120,5,165.3,3,1,1,311
15210,226,1,14.75,4,4,4,444
15211,61,1,15.299999999999999,2,4,4,244
15212,6,1,11.6,1,4,4,144
15213,319,2,23.549999999999997,4,3,3,433
15214,11,8,127.36000000000001,1,1,1,111
15215,47,3,81.30000000000001,2,2,1,221
15216,88,1,63.6,3,4,2,342
15219,177,1,79.80000000000001,4,4,1,441
15220,52,6,124.65,2,1,1,211
15222,319,1,145.0,4,4,1,441
15223,226,2,80.7,4,3,1,431
15225,235,1,15.0,4,4,4,444
15226,311,1,25.5,4,4,3,443
15227,127,5,72.48,3,1,2,312
15228,170,4,146.1,4,2,1,421
15230,240,2,94.80000000000001,4,3,1,431
15232,114,2,34.0,3,3,3,333
15234,129,1,15.0,3,4,4,344
15235,159,10,155.1,3,1,1,311
15236,299,1,17.4,4,4,3,443
15237,79,4,62.72,3,2,2,322
15238,60,3,42.24,2,2,2,222
15239,11,2,44.88,1,3,2,132
15240,6,5,137.88,1,1,1,111
15241,74,8,175.01999999999998,3,1,1,311
15243,75,1,12.48,3,4,4,344
15244,214,2,39.599999999999994,4,3,2,432
15245,135,3,80.0,3,2,1,321
15246,239,2,27.900000000000002,4,3,3,433
15247,93,1,81.6,3,4,1,341
15252,95,2,34.8,3,3,3,333
15253,1,5,109.45,1,1,1,111
15254,246,1,16.8,4,4,3,443
15255,244,1,17.700000000000003,4,4,3,443
15256,149,1,16.5,3,4,3,343
15257,341,1,33.9,4,4,3,443
15258,169,2,33.5,4,3,3,433
15260,101,5,98.9,3,1,1,311
15261,136,1,4.5600000000000005,3,4,4,344
15262,324,1,17.0,4,4,3,443
15263,107,1,17.4,3,4,3,343
15264,183,1,29.700000000000003,4,4,3,443
15265,33,2,32.55,2,3,3,233
15266,223,1,39.8,4,4,2,442
15269,24,1,118.80000000000001,1,4,1,141
15272,58,2,42.599999999999994,2,3,2,232
15274,19,2,34.8,1,3,3,133
15275,302,1,9.95,4,4,4,444
15276,244,1,1.25,4,4,4,444
15277,47,1,19.8,2,4,3,243
15280,173,1,0.72,4,4,4,444
15281,0,9,208.92000000000002,1,1,1,111
15286,50,1,59.400000000000006,2,4,2,242
15287,23,2,162.0,1,3,1,131
15288,44,4,117.1,2,2,1,221
15289,60,3,45.24,2,2,2,222
15292,202,1,3.3,4,4,4,444
15296,35,6,94.95,2,1,1,211
15297,11,3,52.25,1,2,2,122
15300,183,1,15.0,4,4,4,444
15303,291,1,12.75,4,4,4,444
15306,123,3,127.2,3,2,1,321
15307,215,1,22.5,4,4,3,443
15308,68,1,19.9,2,4,3,243
15312,76,4,56.8,3,2,2,322
15313,111,1,52.0,3,4,2,342
15314,200,1,5.04,4,4,4,444
15315,117,2,33.0,3,3,3,333
15316,327,1,165.0,4,4,1,441
15318,181,1,9.0,4,4,4,444
15319,341,1,11.9,4,4,4,444
15320,45,1,2.95,2,4,4,244
15321,71,3,117.9,3,2,1,321
15322,86,1,8.5,3,4,4,344
15325,104,1,1.25,3,4,4,344
15326,70,1,13.200000000000001,2,4,4,244
15327,53,1,38.25,2,4,2,242
15329,40,3,40.35,2,2,2,222
15330,61,2,163.2,2,3,1,231
15333,209,1,22.5,4,4,3,443
15334,164,3,21.54,3,2,3,323
15335,54,1,2.55,2,4,4,244
15339,244,2,16.15,4,3,3,433
15341,81,1,102.0,3,4,1,341
15342,305,1,15.299999999999999,4,4,4,444
15343,88,1,25.5,3,4,3,343
15344,75,3,64.8,3,2,2,322
15345,46,1,25.5,2,4,3,243
15346,39,1,17.85,2,4,3,243
15348,73,1,15.0,3,4,4,344
15349,218,2,18.4,4,3,3,433
15351,13,6,72.32,1,1,2,112
15353,255,1,21.9,4,4,3,443
15355,54,2,35.7,2,3,2,232
15356,72,9,36.45,3,1,2,312
15360,40,1,29.700000000000003,2,4,3,243
15364,215,2,104.75999999999999,4,3,1,431
15366,76,2,45.0,3,3,2,332
15367,58,4,71.6,2,2,2,222
15368,22,1,16.5,1,4,3,143
15372,138,1,88.80000000000001,3,4,1,341
15374,277,1,91.8,4,4,1,441
15376,41,3,40.199999999999996,2,2,2,222
15379,98,7,170.2,3,1,1,311
15382,15,6,136.26000000000002,1,1,1,111
15384,170,2,30.15,4,3,3,433
15385,41,1,12.48,2,4,4,244
15386,187,1,23.400000000000002,4,4,3,443
15392,1,4,94.96,1,2,1,121
15393,17,2,35.1,1,3,3,133
15394,10,4,103.0,1,2,1,121
15395,326,1,17.0,4,4,3,443
15396,113,1,68.0,3,4,2,342
15397,290,1,14.850000000000001,4,4,4,444
15398,17,2,52.2,1,3,2,132
15399,23,3,46.5,1,2,2,122
15402,149,2,64.2,3,3,2,332
15405,279,1,61.199999999999996,4,4,2,442
15406,38,2,23.35,2,3,3,233
15407,95,4,31.529999999999998,3,2,3,323
15408,265,1,4.95,4,4,4,444
15410,85,8,219.97000000000003,3,1,1,311
15411,27,4,46.99999999999999,2,2,2,222
15412,172,1,102.0,4,4,1,441
15414,10,3,74.75999999999999,1,2,2,122
15415,314,1,15.0,4,4,4,444
15416,156,4,66.99,3,2,2,322
15417,86,1,15.6,3,4,3,343
15419,25,1,10.08,1,4,4,144
15421,0,4,77.8,1,2,1,121
15422,324,2,34.7,4,3,3,433
15423,333,1,36.0,4,4,2,442
15424,255,2,48.72,4,3,2,432
15426,20,4,23.29,1,2,3,123
15427,48,3,39.9,2,2,2,222
15428,16,1,17.700000000000003,1,4,3,143
15429,27,2,15.899999999999999,2,3,3,233
15432,24,1,12.600000000000001,1,4,4,144
15433,66,2,23.46,2,3,3,233
15434,108,5,81.82,3,1,1,311
15435,23,1,4.95,1,4,4,144
15436,13,3,16.0,1,2,3,123
15437,263,1,3.3,4,4,4,444
15438,132,1,11.8,3,4,4,344
15440,55,3,12.05,2,2,4,224
15443,13,7,71.7,1,1,2,112
15444,10,2,19.17,1,3,3,133
15445,265,1,20.4,4,4,3,443
15447,331,1,10.2,4,4,4,444
15448,313,1,19.9,4,4,3,443
15449,27,3,57.2,2,2,2,222
15450,90,1,15.0,3,4,4,344
15452,60,3,50.35000000000001,2,2,2,222
15453,57,7,43.85,2,1,2,212
15456,341,3,11.95,4,2,4,424
15457,263,1,1.25,4,4,4,444
15458,26,1,18.72,2,4,3,243
15462,144,3,54.599999999999994,3,2,2,322
15463,60,1,6.84,2,4,4,244
15464,223,1,39.95,4,4,2,442
15466,86,1,5.1,3,4,4,344
15467,10,3,47.7,1,2,2,122
15468,52,2,39.699999999999996,2,3,2,232
15469,32,2,51.300000000000004,2,3,2,232
15471,151,1,3.75,3,4,4,344
15472,114,1,2.08,3,4,4,344
15475,78,1,17.85,3,4,3,343
15478,41,2,62.400000000000006,2,3,2,232
15483,267,4,10.64,4,2,4,424
15484,19,4,177.36,1,2,1,121
15485,90,2,15.54,3,3,4,334
15488,123,1,15.0,3,4,4,344
15489,5,3,87.0,1,2,1,121
15491,101,6,181.20000000000002,3,1,1,311
15492,29,2,20.04,2,3,3,233
15493,150,5,27.63,3,1,3,313
15494,22,2,4.2299999999999995,1,3,4,134
15497,18,2,120.0,1,3,1,131
15500,19,4,48.690000000000005,1,2,2,122
15504,82,1,7.5,3,4,4,344
15505,53,5,135.14,2,1,1,211
15506,23,3,10.9,1,2,4,124
15507,172,1,7.95,4,4,4,444
15508,226,6,52.01,4,1,2,412
15511,12,5,25.37,1,1,3,113
15512,156,2,43.199999999999996,3,3,2,332
15516,45,3,16.28,2,2,3,223
15517,234,1,7.56,4,4,4,444
15518,39,8,79.51,2,1,1,211
15520,120,1,10.2,3,4,4,344
15522,88,2,2.64,3,3,4,334
15525,18,2,17.9,1,3,3,133
15526,182,2,139.29999999999998,4,3,1,431
15527,19,8,123.78,1,1,1,111
15528,255,1,3.75,4,4,4,444
15529,23,9,106.66,1,1,1,111
15530,22,4,36.94,1,2,2,122
15531,90,2,27.35,3,3,3,333
15532,26,4,19.85,2,2,3,223
15533,20,3,59.7,1,2,2,122
15535,174,4,43.3,4,2,2,422
15537,164,1,1.25,3,4,4,344
15539,301,1,6.25,4,4,4,444
15540,12,1,19.5,1,4,3,143
15541,115,1,2.08,3,4,4,344
15543,289,1,2.55,4,4,4,444
15544,2,8,105.47000000000001,1,1,1,111
15545,55,1,1.25,2,4,4,244
15549,78,3,39.1,3,2,2,322
15550,38,4,29.06,2,2,3,223
15551,274,1,19.9,4,4,3,443
15552,188,1,5.9,4,4,4,444
15553,61,1,2.5,2,4,4,244
15554,160,1,15.9,3,4,3,343
15556,25,1,11.6,1,4,4,144
15557,29,1,35.7,2,4,2,242
15562,352,1,134.55,4,4,1,441
15563,23,4,117.75,1,2,1,121
15565,51,2,33.0,2,3,3,233
15567,19,1,99.84,1,4,1,141
15568,45,3,25.909999999999997,2,2,3,223
15570,11,11,149.09000000000003,1,1,1,111
15571,12,4,49.21,1,2,2,122
15572,26,7,83.69,2,1,1,211
15573,86,2,8.16,3,3,4,334
15574,178,3,25.7,4,2,3,423
15576,302,1,90.0,4,4,1,441
15577,33,3,28.65,2,2,3,223
15578,163,1,7.95,3,4,4,344
15579,303,2,7.49,4,3,4,434
15582,25,3,47.550000000000004,1,2,2,122
15584,24,4,28.68,1,2,3,123
15585,177,1,15.9,4,4,3,443
15589,256,3,62.699999999999996,4,2,2,422
15592,47,1,12.48,2,4,4,244
15593,71,1,15.0,3,4,4,344
15594,16,5,84.17,1,1,1,111
15596,96,4,52.900000000000006,3,2,2,322
15597,243,1,17.85,4,4,3,443
15598,54,1,15.0,2,4,4,244
15599,27,2,46.839999999999996,2,3,2,232
15603,79,1,34.56,3,4,3,343
15604,53,1,14.850000000000001,2,4,4,244
15605,31,4,60.95,2,2,2,222
15607,162,1,4.5600000000000005,3,4,4,344
15608,29,4,155.78,2,2,1,221
15609,126,1,19.8,3,4,3,343
15610,52,1,15.0,2,4,4,244
15612,91,2,32.0,3,3,3,333
15618,123,4,79.65,3,2,1,321
15619,11,1,145.0,1,4,1,141
15620,57,3,51.15,2,2,2,222
15622,44,9,196.54000000000005,2,1,1,211
15623,142,1,17.700000000000003,3,4,3,343
15624,117,4,73.05000000000001,3,2,2,322
15625,104,4,70.2,3,2,2,322
15626,75,2,25.32,3,3,3,333
15628,25,8,137.8,1,1,1,111
15630,46,2,59.4,2,3,2,232
15632,16,8,194.45999999999998,1,1,1,111
15634,18,1,17.700000000000003,1,4,3,143
15636,31,2,50.400000000000006,2,3,2,232
15637,53,1,14.850000000000001,2,4,4,244
15639,135,1,39.8,3,4,2,342
15641,106,4,49.71,3,2,2,322
15643,310,3,114.4,4,2,1,421
15644,167,4,12.600000000000001,3,2,4,324
15645,19,1,0.42,1,4,4,144
15646,159,2,37.6,3,3,2,332
15648,205,2,35.25,4,3,2,432
15651,261,3,78.03999999999999,4,2,1,421
15652,92,1,30.0,3,4,3,343
15654,10,2,40.26,1,3,2,132
15655,67,1,15.9,2,4,3,243
15656,46,4,68.61,2,2,2,222
15657,23,1,30.0,1,4,3,143
15658,198,4,49.5,4,2,2,422
15659,44,1,15.0,2,4,4,244
15660,26,8,177.94,2,1,1,211
15661,223,2,122.6,4,3,1,431
15663,107,1,14.040000000000001,3,4,4,344
15664,51,1,15.0,2,4,4,244
15665,67,2,43.800000000000004,2,3,2,232
15667,40,1,9.36,2,4,4,244
15668,188,1,76.32000000000001,4,4,1,441
15669,41,4,148.32,2,2,1,221
15670,297,1,17.700000000000003,4,4,3,443
15673,1,4,66.0,1,2,2,122
15675,82,3,49.2,3,2,2,322
15676,19,3,29.2,1,2,3,123
15677,50,1,15.0,2,4,4,244
15678,53,1,22.5,2,4,3,243
15679,25,4,41.760000000000005,1,2,2,122
15680,10,2,32.3,1,3,3,133
15681,26,5,123.06,2,1,1,211
15683,118,1,20.8,3,4,3,343
15687,24,9,176.9,1,1,1,111
15689,2,2,45.0,1,3,2,132
15690,101,2,51.48,3,3,2,332
15691,340,1,45.0,4,4,2,442
15692,29,1,6.959999999999999,2,4,4,244
15695,267,2,55.95,4,3,2,432
15696,80,8,147.45,3,1,1,311
15699,18,1,12.5,1,4,4,144
15700,173,2,16.4,4,3,3,433
15701,74,4,41.9,3,2,2,322
15703,265,1,23.4,4,4,3,443
15704,127,4,91.8,3,2,1,321
15705,202,1,60.0,4,4,2,442
15706,76,4,157.8,3,2,1,321
15707,44,4,21.75,2,2,3,223
15708,41,6,90.32,2,1,1,211
15709,341,1,38.160000000000004,4,4,2,442
15713,144,1,15.0,3,4,4,344
15714,12,2,30.240000000000002,1,3,3,133
15716,146,3,15.92,3,2,3,323
15717,235,1,35.400000000000006,4,4,2,442
15720,25,1,3.75,1,4,4,144
15721,12,1,0.85,1,4,4,144
15722,109,5,148.9,3,1,1,311
15724,202,2,44.7,4,3,2,432
15725,16,1,33.0,1,4,3,143
15727,9,7,125.50000000000001,1,1,1,111
15729,35,1,15.0,2,4,4,244
15730,123,3,43.5,3,2,2,322
15732,35,1,16.5,2,4,3,243
15733,310,1,19.799999999999997,4,4,3,443
15734,115,2,61.5,3,3,2,332
15737,15,8,170.70000000000002,1,1,1,111
15739,244,1,23.8,4,4,3,443
15740,50,1,9.36,2,4,4,244
15743,17,4,37.35,1,2,2,122
15744,78,1,13.919999999999998,3,4,4,344
15745,20,4,117.75,1,2,1,121
15746,135,1,18.75,3,4,3,343
15747,13,3,23.599999999999998,1,2,3,123
15748,41,1,5.8,2,4,4,244
15750,16,6,56.379999999999995,1,1,2,112
15752,40,6,55.89,2,1,2,212
15753,130,1,79.2,3,4,1,341
15754,52,3,49.74,2,2,2,222
15755,1,6,107.88,1,1,1,111
15756,64,4,10.01,2,2,4,224
15757,188,2,50.7,4,3,2,432
15758,25,1,29.700000000000003,1,4,3,143
15759,219,3,123.2,4,2,1,421
15762,78,2,39.84,3,3,2,332
15763,78,2,29.85,3,3,3,333
15764,1,6,86.69999999999999,1,1,1,111
15766,183,1,25.5,4,4,3,443
15768,116,3,46.349999999999994,3,2,2,322
15773,242,1,7.08,4,4,4,444
15774,303,1,13.9,4,4,4,444
15775,128,1,15.0,3,4,4,344
15776,134,1,7.4399999999999995,3,4,4,344
15780,36,3,62.85,2,2,2,222
15781,26,3,63.150000000000006,2,2,2,222
15783,11,1,15.7,1,4,3,143
15785,152,5,78.36,3,1,1,311
15786,47,3,68.5,2,2,2,222
15787,27,3,28.05,2,2,3,223
15790,11,1,5.9,1,4,4,144
15791,44,2,49.8,2,3,2,232
15795,150,1,6.959999999999999,3,4,4,344
15796,18,8,171.7,1,1,1,111
15799,76,3,21.9,3,2,3,323
15800,108,2,15.18,3,3,4,334
15801,47,3,55.7,2,2,2,222
15803,52,1,17.0,2,4,3,243
15806,47,3,36.93,2,2,2,222
15807,51,3,77.4,2,2,1,221
15808,191,3,109.05000000000001,4,2,1,421
15809,69,5,83.19999999999999,2,1,1,211
15810,79,4,48.89000000000001,3,2,2,322
15811,23,5,103.32,1,1,1,111
15813,208,2,40.35,4,3,2,432
15814,17,4,92.66,1,2,1,121
15819,50,4,66.44,2,2,2,222
15820,320,1,1.25,4,4,4,444
15821,45,2,4.8,2,3,4,234
15822,181,2,35.85,4,3,2,432
15825,173,1,25.5,4,4,3,443
15826,57,3,78.9,2,2,1,221
15829,141,2,9.6,3,3,4,334
15830,302,1,9.36,4,4,4,444
15831,0,3,43.26,1,2,2,122
15832,255,1,12.5,4,4,4,444
15834,71,4,154.85,3,2,1,321
15835,45,4,111.3,2,2,1,221
15836,51,1,9.95,2,4,4,244
15837,183,1,16.6,4,4,3,443
15839,81,3,44.160000000000004,3,2,2,322
15840,0,2,13.799999999999999,1,3,4,134
15843,99,1,14.850000000000001,3,4,4,344
15844,47,1,20.28,2,4,3,243
15847,289,2,26.200000000000003,4,3,3,433
15850,20,2,5.21,1,3,4,134
15852,187,2,70.25,4,3,2,432
15853,52,1,2.08,2,4,4,244
15855,95,5,40.15,3,1,2,312
15857,19,1,15.0,1,4,4,144
15858,16,4,32.17,1,2,3,123
15860,41,7,45.68,2,1,2,212
15862,113,3,34.25,3,2,3,323
15863,26,2,5.0,2,3,4,234
15865,1,3,139.8,1,2,1,121
15866,102,1,16.95,3,4,3,343
15869,160,2,18.0,3,3,3,333
15870,152,1,3.75,3,4,4,344
15872,15,2,10.35,1,3,4,134
15877,18,2,6.65,1,3,4,134
15881,313,4,50.6,4,2,2,422
15882,199,2,15.799999999999999,4,3,3,433
15883,151,2,21.330000000000002,3,3,3,333
15885,123,3,49.8,3,2,2,322
15886,61,1,5.1,2,4,4,244
15888,81,1,22.5,3,4,3,343
15889,186,1,15.9,4,4,3,443
15891,227,1,2.55,4,4,4,444
15894,254,1,7.56,4,4,4,444
15895,150,1,137.16,3,4,1,341
15897,195,2,12.7,4,3,4,434
15900,24,1,9.36,1,4,4,144
15901,17,3,19.7,1,2,3,123
15904,332,1,4.68,4,4,4,444
15906,20,7,58.699999999999996,1,1,2,112
15907,177,3,13.649999999999999,4,2,4,424
15909,174,1,19.799999999999997,4,4,3,443
15910,16,8,55.41,1,1,2,112
15912,179,2,30.42,4,3,3,433
15916,17,6,70.53,1,1,2,112
15917,189,1,10.2,4,4,4,444
15918,272,2,40.5,4,3,2,432
15919,20,1,1.17,1,4,4,144
15920,125,4,9.25,3,2,4,324
15921,173,1,10.2,4,4,4,444
15925,195,1,38.25,4,4,2,442
15930,275,1,16.5,4,4,3,443
15932,1,8,135.84,1,1,1,111
15933,22,3,42.510000000000005,1,2,2,122
15937,183,1,14.850000000000001,4,4,4,444
15938,113,5,182.8,3,1,1,311
15940,342,1,35.8,4,4,2,442
15942,134,1,10.08,3,4,4,344
15944,129,1,17.700000000000003,3,4,3,343
15947,83,1,179.0,3,4,1,341
15948,44,2,35.1,2,3,3,233
15949,17,2,30.119999999999997,1,3,3,133
15950,79,4,72.35,3,2,2,322
15951,286,2,27.0,4,3,3,433
15952,182,4,42.85,4,2,2,422
15953,5,7,175.6,1,1,1,111
15957,121,1,4.16,3,4,4,344
15958,75,1,3.95,3,4,4,344
15963,20,2,29.22,1,3,3,133
15965,18,3,30.51,1,2,3,123
15967,24,2,15.15,1,3,4,134
15969,50,3,84.4,2,2,1,221
15970,99,1,16.5,3,4,3,343
15974,5,7,120.58,1,1,1,111
15975,85,1,17.700000000000003,3,4,3,343
15976,166,2,18.15,3,3,3,333
15977,18,2,23.1,1,3,3,133
15978,78,1,20.8,3,4,3,343
15980,1,3,120.63999999999999,1,2,1,121
15983,23,2,6.35,1,3,4,134
15984,72,9,170.23999999999998,3,1,1,311
15985,124,2,36.9,3,3,2,332
15986,90,1,13.52,3,4,4,344
15988,20,1,19.95,1,4,3,143
15990,45,2,67.5,2,3,2,232
15992,181,1,14.95,4,4,4,444
15993,17,7,78.4,1,1,1,111
15994,55,1,15.0,2,4,4,244
15996,1,5,39.19,1,1,2,112
15998,88,5,64.0,3,1,2,312
16003,60,5,177.10000000000002,2,1,1,211
16005,13,4,13.55,1,2,4,124
16006,5,1,23.099999999999998,1,4,3,143
16007,4,4,31.349999999999998,1,2,3,123
16008,24,3,38.45,1,2,2,122
16009,23,4,102.14,1,2,1,121
16010,128,3,12.74,3,2,4,324
16012,156,3,49.760000000000005,3,2,2,322
16014,64,3,27.25,2,2,3,223
16015,27,3,95.03,2,2,1,221
16016,16,7,57.31,1,1,2,112
16017,48,1,9.899999999999999,2,4,4,244
16018,4,2,34.349999999999994,1,3,3,133
16020,17,3,135.9,1,2,1,121
16022,261,1,7.95,4,4,4,444
16023,47,3,15.549999999999999,2,2,4,224
16024,13,1,4.95,1,4,4,144
16025,60,1,14.940000000000001,2,4,4,244
16026,44,1,6.25,2,4,4,244
16030,283,1,9.75,4,4,4,444
16031,123,2,20.45,3,3,3,333
16034,39,3,89.0,2,2,1,221
16036,88,2,90.84,3,3,1,331
16037,130,3,55.199999999999996,3,2,2,322
16038,178,3,73.80000000000001,4,2,2,422
16040,149,3,65.4,3,2,2,322
16042,23,5,85.4,1,1,1,111
16043,5,4,124.50000000000001,1,2,1,121
16045,2,4,68.4,1,2,2,122
16049,41,3,2.0100000000000002,2,2,4,224
16050,174,1,24.900000000000002,4,4,3,443
16052,55,1,4.95,2,4,4,244
16053,93,2,35.8,3,3,2,332
16054,146,1,7.95,3,4,4,344
16055,280,1,12.75,4,4,4,444
16056,46,1,9.95,2,4,4,244
16057,5,7,140.10000000000002,1,1,1,111
16059,72,5,53.550000000000004,3,1,2,312
16062,6,3,39.94,1,2,2,122
16063,261,1,17.4,4,4,3,443
16066,17,5,73.48,1,1,2,112
16070,23,2,102.16,1,3,1,131
16071,45,1,19.799999999999997,2,4,3,243
16072,289,1,44.550000000000004,4,4,2,442
16073,298,1,122.39999999999999,4,4,1,441
16076,23,10,219.93,1,1,1,111
16078,341,1,79.2,4,4,1,441
16080,68,2,66.80000000000001,2,3,2,232
16081,57,4,58.15,2,2,2,222
16083,101,2,63.2,3,3,2,332
16084,300,1,0.85,4,4,4,444
16085,0,5,40.47,1,1,2,112
16086,30,4,82.84,2,2,1,221
16091,125,2,40.6,3,3,2,332
16092,115,3,44.98,3,2,2,322
16093,107,1,17.0,3,4,3,343
16094,12,4,84.0,1,2,1,121
16096,265,1,10.08,4,4,4,444
16097,241,1,30.0,4,4,3,443
16099,51,3,65.8,2,2,2,222
16101,71,1,15.0,3,4,4,344
16102,43,3,128.8,2,2,1,221
16103,80,6,157.3,3,1,1,311
16104,91,1,17.85,3,4,3,343
16105,220,1,15.6,4,4,3,443
16106,214,1,19.799999999999997,4,4,3,443
16108,85,1,24.96,3,4,3,343
16109,219,2,126.96,4,3,1,431
16110,46,3,18.95,2,2,3,223
16112,70,4,58.72,2,2,2,222
16113,95,1,15.12,3,4,4,344
16114,171,1,17.700000000000003,4,4,3,443
16115,4,8,49.760000000000005,1,1,2,112
16116,5,1,13.52,1,4,4,144
16117,279,1,7.8,4,4,4,444
16119,73,2,27.78,3,3,3,333
16120,30,4,184.3,2,2,1,221
16121,58,2,7.15,2,3,4,234
16122,39,3,152.16000000000003,2,2,1,221
16123,52,1,15.0,2,4,4,244
16124,318,1,33.9,4,4,3,443
16127,40,1,19.5,2,4,3,243
16128,18,5,123.58,1,1,1,111
16131,52,6,167.24,2,1,1,211
16134,22,2,25.5,1,3,3,133
16135,263,1,175.2,4,4,1,441
16136,30,3,85.88,2,2,1,221
16139,19,3,50.519999999999996,1,2,2,122
16140,214,1,103.67999999999999,4,4,1,441
16141,1,1,17.85,1,4,3,143
16142,250,1,19.8,4,4,3,443
16143,35,5,86.6,2,1,1,211
16144,159,1,175.2,3,4,1,341
16147,134,1,16.5,3,4,3,343
16148,297,1,76.32000000000001,4,4,1,441
16149,143,2,29.52,3,3,3,333
16150,1,4,86.1,1,2,1,121
16152,269,1,81.6,4,4,1,441
16153,50,5,75.0,2,1,2,212
16156,25,9,159.52,1,1,1,111
16157,16,3,103.95000000000002,1,2,1,121
16159,282,1,15.0,4,4,4,444
16160,86,2,126.6,3,3,1,331
16162,340,1,25.5,4,4,3,443
16164,18,3,48.08,1,2,2,122
16169,40,4,79.11999999999999,2,2,1,221
16170,51,6,126.38,2,1,1,211
16171,30,1,23.4,2,4,3,243
16172,6,5,105.60000000000001,1,1,1,111
16173,16,6,108.10000000000001,1,1,1,111
16175,170,4,55.470000000000006,4,2,2,422
16177,51,1,23.4,2,4,3,243
16178,139,1,17.4,3,4,3,343
16179,61,1,5.04,2,4,4,244
16181,74,1,11.9,3,4,4,344
16183,275,1,34.68,4,4,3,443
16184,5,6,122.30000000000001,1,1,1,111
16185,17,2,47.25,1,3,2,132
16186,5,11,182.22000000000003,1,1,1,111
16188,36,4,52.09,2,2,2,222
16189,16,2,34.8,1,3,3,133
16190,41,1,27.04,2,4,3,243
16193,237,1,25.200000000000003,4,4,3,443
16198,76,1,20.28,3,4,3,343
16200,165,2,35.15,3,3,2,332
16201,22,4,75.91999999999999,1,2,1,121
16203,0,3,47.7,1,2,2,122
16204,24,1,8.32,1,4,4,144
16205,90,4,106.55,3,2,1,321
16206,55,4,75.73,2,2,1,221
16207,26,1,50.0,2,4,2,242
16208,45,2,5.52,2,3,4,234
16211,1,1,29.849999999999998,1,4,3,143
16212,20,2,31.5,1,3,3,133
16213,79,1,11.7,3,4,4,344
16214,171,3,157.20000000000002,4,2,1,421
16215,81,1,15.0,3,4,4,344
16216,268,1,16.8,4,4,3,443
16217,236,2,40.050000000000004,4,3,2,432
16221,98,2,25.8,3,3,3,333
16222,319,1,4.2,4,4,4,444
16224,58,4,65.1,2,2,2,222
16225,45,5,96.66000000000001,2,1,1,211
16226,204,3,62.7,4,2,2,422
16227,226,1,17.700000000000003,4,4,3,443
16229,35,2,80.2,2,3,1,231
16230,279,2,26.46,4,3,3,433
16232,44,4,109.94999999999999,2,2,1,221
16233,72,2,47.88000000000001,3,3,2,332
16235,39,5,88.64,2,1,1,211
16236,79,1,15.9,3,4,3,343
16239,57,2,50.1,2,3,2,232
16242,19,7,114.72999999999999,1,1,1,111
16243,55,2,92.5,2,3,1,231
16244,5,1,17.0,1,4,3,143
16245,24,3,33.9,1,2,3,123
16247,171,1,4.95,4,4,4,444
16248,91,1,25.200000000000003,3,4,3,343
16249,53,5,111.7,2,1,1,211
16250,262,1,8.5,4,4,4,444
16253,244,2,99.6,4,3,1,431
16255,17,7,64.75,1,1,2,112
16256,267,1,102.0,4,4,1,441
16257,177,1,21.95,4,4,3,443
16260,51,1,70.8,2,4,2,242
16261,18,4,14.530000000000001,1,2,4,124
16265,10,7,164.68,1,1,1,111
16266,74,7,74.50000000000001,3,1,2,312
16268,72,2,33.9,3,3,3,333
16271,16,5,66.77000000000001,1,1,2,112
16272,117,1,20.8,3,4,3,343
16275,197,1,12.75,4,4,4,444
16278,101,1,220.0,3,4,1,341
16279,22,3,42.75,1,2,2,122
16281,73,1,50.0,3,4,2,342
16282,253,1,34.0,4,4,3,443
16283,32,5,68.97,2,1,2,212
16284,51,2,2.73,2,3,4,234
16287,170,1,15.600000000000001,4,4,3,443
16292,63,1,30.0,2,4,3,243
16293,22,9,134.17000000000002,1,1,1,111
16295,0,4,63.900000000000006,1,2,2,122
16297,269,1,14.850000000000001,4,4,4,444
16298,23,3,128.10000000000002,1,2,1,121
16302,216,1,19.919999999999998,4,4,3,443
16303,26,3,139.4,2,2,1,221
16305,139,1,19.799999999999997,3,4,3,343
16306,38,5,52.92,2,1,2,212
16309,107,2,20.04,3,3,3,333
16311,18,2,38.72,1,3,2,132
16313,50,2,26.28,2,3,3,233
16315,331,1,17.88,4,4,3,443
16316,98,8,123.16,3,1,1,311
16317,2,3,55.5,1,2,2,122
16318,243,1,19.799999999999997,4,4,3,443
16319,188,1,142.8,4,4,1,441
16322,120,2,17.5,3,3,3,333
16323,197,1,207.50000000000003,4,4,1,441
16324,178,3,17.4,4,2,3,423
16325,47,3,103.5,2,2,1,221
16327,15,5,64.2,1,1,2,112
16330,18,3,5.21,1,2,4,124
16332,29,7,42.33,2,1,2,212
16337,274,1,19.8,4,4,3,443
16338,217,1,11.9,4,4,4,444
16339,285,1,1.45,4,4,4,444
16340,108,1,0.65,3,4,4,344
16341,25,4,98.7,1,2,1,121
16342,76,4,82.56,3,2,1,321
16343,17,2,19.95,1,3,3,133
16344,247,1,35.7,4,4,2,442
16345,45,1,100.0,2,4,1,241
16347,12,2,15.899999999999999,1,3,3,133
16348,79,7,64.63,3,1,2,312
16349,291,1,4.25,4,4,4,444
16350,22,4,87.95,1,2,1,121
16351,39,1,19.5,2,4,3,243
16352,18,2,30.6,1,3,3,133
16354,74,2,41.6,3,3,2,332
16356,160,3,34.1,3,2,3,323
16357,66,3,93.00000000000001,2,2,1,221
16358,80,4,87.60000000000001,3,2,1,321
16360,1,6,14.65,1,1,4,114
16361,10,4,34.54,1,2,3,123
16362,30,5,45.400000000000006,2,1,2,212
16363,54,1,35.400000000000006,2,4,2,242
16364,12,2,14.849999999999998,1,3,4,134
16366,19,1,30.0,1,4,3,143
16367,302,2,18.7,4,3,3,433
16368,29,2,17.44,2,3,3,233
16369,19,3,52.900000000000006,1,2,2,122
16370,65,4,59.3,2,2,2,222
16372,182,2,12.15,4,3,4,434
16374,244,2,4.18,4,3,4,434
16376,18,2,12.05,1,3,4,134
16377,268,1,180.0,4,4,1,441
16378,189,3,45.15,4,2,2,422
16379,19,4,139.96,1,2,1,121
16380,91,1,100.0,3,4,1,341
16383,75,2,20.4,3,3,3,333
16384,31,2,34.7,2,3,3,233
16385,61,2,6.68,2,3,4,234
16386,29,2,10.85,2,3,4,234
16387,323,1,15.0,4,4,4,444
16389,54,4,167.4,2,2,1,221
16392,270,1,5.0,4,4,4,444
16394,57,5,218.87,2,1,1,211
16395,61,5,33.00000000000001,2,1,3,213
16398,125,2,83.4,3,3,1,331
16399,20,2,13.65,1,3,4,134
16400,184,1,15.0,4,4,4,444
16402,265,1,15.8,4,4,3,443
16403,313,1,16.5,4,4,3,443
16404,71,1,15.600000000000001,3,4,3,343
16405,69,2,68.65,2,3,2,232
16406,19,1,2.55,1,4,4,144
16407,13,10,137.60000000000002,1,1,1,111
16409,3,5,62.9,1,1,2,112
16411,20,1,4.35,1,4,4,144
16412,54,1,16.6,2,4,3,243
16413,57,1,5.9,2,4,4,244
16414,22,2,31.8,1,3,3,133
16415,45,1,2.1,2,4,4,244
16416,27,3,158.57999999999998,2,2,1,221
16418,45,3,23.35,2,2,3,223
16419,98,6,150.53,3,1,1,311
16423,25,1,5.04,1,4,4,144
16424,338,1,15.9,4,4,3,443
16425,69,1,31.8,2,4,3,243
16426,22,10,160.75,1,1,1,111
16427,264,2,20.639999999999997,4,3,3,433
16429,107,1,4.95,3,4,4,344
16430,58,1,25.0,2,4,3,243
16431,66,3,16.13,2,2,3,223
16432,183,1,30.599999999999998,4,4,3,443
16433,29,1,6.76,2,4,4,244
16434,48,7,110.03,2,1,1,211
16438,27,5,57.400000000000006,2,1,2,212
16440,52,5,61.34,2,1,2,212
16441,275,2,27.1,4,3,3,433
16442,120,3,8.910000000000002,3,2,4,324
16444,47,4,23.1,2,2,3,223
16445,182,1,1.25,4,4,4,444
16447,136,1,19.9,3,4,3,343
16448,199,1,10.5,4,4,4,444
16449,198,2,50.16,4,3,2,432
16450,150,1,40.56,3,4,2,342
16451,88,1,6.72,3,4,4,344
16454,45,2,6.9,2,3,4,234
16455,153,5,89.7,3,1,1,311
16456,104,4,57.550000000000004,3,2,2,322
16457,219,1,35.7,4,4,2,442
16460,29,3,24.83,2,2,3,223
16461,178,1,9.95,4,4,4,444
16462,74,3,136.0,3,2,1,321
16463,22,4,67.48,1,2,2,122
16464,20,3,15.200000000000001,1,2,4,124
16466,4,7,67.18,1,1,2,112
16468,75,1,62.400000000000006,3,4,2,342
16469,24,4,4.28,1,2,4,124
16470,52,4,8.47,2,2,4,224
16471,68,1,15.8,2,4,3,243
16473,162,3,47.0,3,2,2,322
16474,18,7,78.92000000000002,1,1,1,111
16475,1,4,159.3,1,2,1,121
16477,68,6,121.55000000000001,2,1,1,211
16478,26,3,77.7,2,2,1,221
16479,11,2,40.6,1,3,2,132
16480,76,1,10.5,3,4,4,344
16482,16,1,6.959999999999999,1,4,4,144
16483,193,1,14.95,4,4,4,444
16484,174,2,26.7,4,3,3,433
16485,78,1,7.5,3,4,4,344
16488,115,3,107.95,3,2,1,321
16491,47,1,20.28,2,4,3,243
16493,80,4,67.92,3,2,2,322
16494,297,1,40.56,4,4,2,442
16495,129,3,11.549999999999999,3,2,4,324
16496,208,3,51.870000000000005,4,2,2,422
16497,50,6,149.67000000000002,2,1,1,211
16498,163,2,14.1,3,3,4,334
16503,96,4,83.30000000000001,3,2,1,321
16504,26,1,1.56,2,4,4,244
16506,20,2,70.5,1,3,2,132
16509,297,1,76.5,4,4,1,441
16511,22,3,7.35,1,2,4,124
16515,3,5,61.449999999999996,1,1,2,112
16516,90,1,17.4,3,4,3,343
16517,160,1,14.75,3,4,4,344
16518,91,2,20.7,3,3,3,333
16519,26,1,2.1,2,4,4,244
16520,187,2,16.5,4,3,3,433
16526,172,1,13.52,4,4,4,444
16527,82,1,8.25,3,4,4,344
16528,181,1,9.48,4,4,4,444
16529,307,1,5.95,4,4,4,444
16531,23,7,142.08,1,1,1,111
16533,20,3,21.45,1,2,3,123
16535,242,1,15.0,4,4,4,444
16536,111,1,8.32,3,4,4,344
16539,151,3,205.8,3,2,1,321
16542,54,1,53.1,2,4,2,242
16545,165,1,25.200000000000003,3,4,3,343
16546,291,1,10.2,4,4,4,444
16549,11,10,30.28,1,1,3,113
16550,109,4,58.05,3,2,2,322
16551,162,3,53.64,3,2,2,322
16552,36,1,17.700000000000003,2,4,3,243
16554,9,3,22.449999999999996,1,2,3,123
16555,110,2,36.8,3,3,2,332
16556,106,7,96.48,3,1,1,311
16557,25,2,42.5,1,3,2,132
16560,27,2,29.85,2,3,3,233
16561,30,2,35.1,2,3,3,233
16563,54,1,15.0,2,4,4,244
16567,162,2,32.85,3,3,3,333
16569,181,1,45.0,4,4,2,442
16571,27,3,64.5,2,2,2,222
16572,33,3,38.25,2,2,2,222
16573,85,2,39.0,3,3,2,332
16574,72,1,15.0,3,4,4,344
16581,65,1,10.2,2,4,4,244
16582,114,1,162.72,3,4,1,341
16584,81,2,120.8,3,3,1,331
16586,220,1,18.0,4,4,3,443
16587,233,1,15.0,4,4,4,444
16589,72,3,43.85000000000001,3,2,2,322
16591,303,1,3.4,4,4,4,444
16593,51,3,81.19999999999999,2,2,1,221
16594,76,1,1.25,3,4,4,344
16595,91,1,10.5,3,4,4,344
16596,16,1,25.200000000000003,1,4,3,143
16597,212,1,20.52,4,4,3,443
16598,286,1,9.899999999999999,4,4,4,444
16600,17,6,88.9,1,1,1,111
16601,41,1,17.4,2,4,3,243
16602,274,1,10.2,4,4,4,444
16603,75,2,19.6,3,3,3,333
16609,3,7,143.86,1,1,1,111
16610,249,1,17.700000000000003,4,4,3,443
16611,187,1,5.04,4,4,4,444
16612,2,4,59.06,1,2,2,122
16613,71,1,16.6,3,4,3,343
16614,65,1,15.600000000000001,2,4,3,243
16616,16,2,25.08,1,3,3,133
16617,236,1,53.1,4,4,2,442
16618,121,5,113.61000000000001,3,1,1,311
16619,264,1,11.399999999999999,4,4,4,444
16620,181,2,40.3,4,3,2,432
16621,52,4,78.1,2,2,1,221
16623,128,1,8.850000000000001,3,4,4,344
16624,81,2,21.15,3,3,3,333
16625,68,1,8.5,2,4,4,244
16627,80,1,18.72,3,4,3,343
16628,60,5,190.39999999999998,2,1,1,211
16629,74,2,7.56,3,3,4,334
16633,4,6,161.14999999999998,1,1,1,111
16634,339,1,53.1,4,4,2,442
16637,61,4,73.98,2,2,2,222
16638,23,9,179.56,1,1,1,111
16639,121,3,60.5,3,2,2,322
16641,106,1,17.700000000000003,3,4,3,343
16642,208,2,81.4,4,3,1,431
16643,128,1,27.0,3,4,3,343
16644,35,2,24.14,2,3,3,233
16647,170,2,22.439999999999998,4,3,3,433
16648,43,1,15.0,2,4,4,244
16650,72,1,5.04,3,4,4,344
16653,17,2,76.80000000000001,1,3,1,131
16654,142,3,75.10000000000001,3,2,2,322
16657,10,4,40.59,1,2,2,122
16659,279,1,20.4,4,4,3,443
16666,20,1,1.9500000000000002,1,4,4,144
16667,285,2,29.1,4,3,3,433
16668,16,6,79.98,1,1,1,111
16669,24,3,49.15,1,2,2,122
16670,17,11,168.92000000000002,1,1,1,111
16674,55,2,9.7,2,3,4,234
16676,66,4,58.58,2,2,2,222
16680,44,1,16.5,2,4,3,243
16685,91,2,10.75,3,3,4,334
16686,48,7,54.800000000000004,2,1,2,212
16688,11,4,68.84,1,2,2,122
16689,76,2,85.84,3,3,1,331
16690,73,2,67.19999999999999,3,3,2,332
16692,257,2,158.5,4,3,1,431
16693,272,2,31.3,4,3,3,433
16697,6,1,0.95,1,4,4,144
16706,115,3,33.3,3,2,3,323
16708,46,1,19.8,2,4,3,243
16709,85,5,175.20000000000002,3,1,1,311
16710,20,9,94.08,1,1,1,111
16714,219,3,27.5,4,2,3,423
16715,79,1,6.959999999999999,3,4,4,344
16717,24,5,166.22,1,1,1,111
16719,15,6,61.7,1,1,2,112
16720,27,1,2.25,2,4,4,244
16721,263,1,2.6,4,4,4,444
16723,92,2,177.75,3,3,1,331
16725,69,6,28.5,2,1,3,213
16726,27,5,90.6,2,1,1,211
16728,47,4,64.86999999999999,2,2,2,222
16730,53,3,35.769999999999996,2,2,2,222
16732,121,1,64.19999999999999,3,4,2,342
16734,53,3,19.6,2,2,3,223
16735,79,5,96.07000000000001,3,1,1,311
16738,298,1,3.75,4,4,4,444
16739,177,1,19.799999999999997,4,4,3,443
16743,5,7,70.08,1,1,2,112
16744,12,7,15.599999999999998,1,1,3,113
16747,275,2,38.04,4,3,2,432
16748,18,5,136.1,1,1,1,111
16750,45,5,26.09,2,1,3,213
16753,0,1,0.75,1,4,4,144
16755,115,3,36.9,3,2,2,322
16756,96,1,15.0,3,4,4,344
16757,319,1,5.04,4,4,4,444
16758,214,1,16.4,4,4,3,443
16759,90,3,52.0,3,2,2,322
16761,245,1,46.800000000000004,4,4,2,442
16762,20,3,94.95000000000002,1,2,1,121
16763,199,1,89.69999999999999,4,4,1,441
16765,295,1,34.0,4,4,3,443
16766,37,2,54.900000000000006,2,3,2,232
16768,48,3,41.65,2,2,2,222
16769,261,1,5.9,4,4,4,444
16770,58,4,37.949999999999996,2,2,2,222
16771,76,5,46.51,3,1,2,312
16773,58,1,23.400000000000002,2,4,3,243
16774,117,4,49.449999999999996,3,2,2,322
16775,11,10,81.95,1,1,1,111
16776,61,1,6.5,2,4,4,244
16777,81,2,14.11,3,3,4,334
16778,68,2,23.28,2,3,3,233
16780,101,2,26.25,3,3,3,333
16784,20,1,30.0,1,4,3,143
16788,124,2,2.44,3,3,4,334
16789,332,1,19.799999999999997,4,4,3,443
16790,17,6,119.15,1,1,1,111
16791,39,7,36.97,2,1,2,212
16792,310,2,13.7,4,3,4,434
16793,58,1,10.2,2,4,4,244
16794,4,10,55.400000000000006,1,1,2,112
16796,31,1,6.64,2,4,4,244
16800,12,1,4.95,1,4,4,144
16801,37,4,68.35,2,2,2,222
16803,214,1,10.0,4,4,4,444
16804,24,3,9.66,1,2,4,124
16805,174,2,12.95,4,3,4,434
16806,104,4,46.739999999999995,3,2,2,322
16807,127,3,49.980000000000004,3,2,2,322
16808,68,2,74.25,2,3,2,232
16809,24,5,32.84,1,1,3,113
16810,193,1,20.8,4,4,3,443
16811,18,2,47.85,1,3,2,132
16813,51,10,70.07,2,1,2,212
16816,104,4,69.33000000000001,3,2,2,322
16817,37,8,159.8,2,1,1,211
16818,11,11,184.74999999999997,1,1,1,111
16820,215,1,23.4,4,4,3,443
16823,228,1,8.25,4,4,4,444
16824,16,2,40.35,1,3,2,132
16825,157,2,89.28,3,3,1,331
16826,52,1,17.4,2,4,3,243
16828,113,2,27.6,3,3,3,333
16829,186,1,12.600000000000001,4,4,4,444
16830,333,1,20.28,4,4,3,443
16832,126,3,99.35,3,2,1,321
16833,100,4,66.6,3,2,2,322
16834,228,1,30.0,4,4,3,443
16835,277,1,15.9,4,4,3,443
16836,40,2,91.26,2,3,1,231
16838,198,2,23.479999999999997,4,3,3,433
16841,66,6,91.41999999999999,2,1,1,211
16842,69,3,36.7,2,2,2,222
16846,51,1,24.96,2,4,3,243
16847,44,1,15.0,2,4,4,244
16848,53,1,34.68,2,4,3,243
16849,187,1,17.700000000000003,4,4,3,443
16850,70,1,19.799999999999997,2,4,3,243
16851,43,3,25.619999999999997,2,2,3,223
16852,11,2,23.6,1,3,3,133
16855,24,2,34.8,1,3,3,133
16856,15,1,17.700000000000003,1,4,3,143
16859,145,2,25.08,3,3,3,333
16861,30,2,55.56,2,3,2,232
16863,121,1,10.5,3,4,4,344
16866,64,3,119.85,2,2,1,221
16869,23,4,16.57,1,2,3,123
16871,23,6,198.8,1,1,1,111
16873,91,5,114.5,3,1,1,311
16875,145,5,86.92000000000002,3,1,1,311
16877,13,6,58.19000000000001,1,1,2,112
16878,85,1,9.5,3,4,4,344
16880,64,7,44.66,2,1,2,212
16882,240,3,38.2,4,2,2,422
16883,218,1,7.95,4,4,4,444
16884,302,2,37.7,4,3,2,432
16885,16,3,28.48,1,2,3,123
16887,243,1,6.75,4,4,4,444
16889,67,3,31.560000000000002,2,2,3,223
16891,120,4,36.44,3,2,2,322
16892,16,5,54.35,1,1,2,112
16895,183,1,5.0,4,4,4,444
16897,300,2,13.15,4,3,4,434
16898,27,2,4.63,2,3,4,234
16899,20,6,63.6,1,1,2,112
16900,17,3,46.59,1,2,2,122
16902,117,1,37.5,3,4,2,342
16903,60,1,8.25,2,4,4,244
16905,20,6,88.65,1,1,1,111
16906,82,4,35.0,3,2,3,323
16907,60,4,26.72,2,2,3,223
16909,73,1,77.75999999999999,3,4,1,341
16910,10,8,26.46,1,1,3,113
16913,291,1,39.15,4,4,2,442
16914,274,1,9.95,4,4,4,444
16915,10,6,74.85,1,1,2,112
16916,24,1,3.3,1,4,4,144
16917,129,1,122.39999999999999,3,4,1,341
16918,50,6,78.9,2,1,1,211
16919,6,10,200.4,1,1,1,111
16921,91,1,1.68,3,4,4,344
16924,22,3,3.86,1,2,4,124
16929,18,7,126.77999999999999,1,1,1,111
16930,27,3,15.100000000000001,2,2,4,224
16932,54,1,8.25,2,4,4,244
16933,120,2,67.92,3,3,2,332
16934,55,2,32.150000000000006,2,3,3,233
16936,26,1,9.899999999999999,2,4,4,244
16938,4,4,44.85,1,2,2,122
16940,53,3,30.45,2,2,3,223
16942,13,9,68.66000000000001,1,1,2,112
16943,5,3,125.8,1,2,1,121
16947,236,1,27.04,4,4,3,443
16948,139,3,75.0,3,2,2,322
16949,41,6,153.42000000000002,2,1,1,211
16950,57,2,132.0,2,3,1,231
16951,130,3,45.2,3,2,2,322
16952,110,2,12.19,3,3,4,334
16953,90,1,20.8,3,4,3,343
16955,126,2,46.35,3,3,2,332
16956,18,1,17.85,1,4,3,143
16957,240,2,102.6,4,3,1,431
16959,88,1,12.75,3,4,4,344
16960,61,3,4.880000000000001,2,2,4,224
16961,117,1,20.0,3,4,3,343
16963,218,1,15.0,4,4,4,444
16965,227,1,9.120000000000001,4,4,4,444
16967,279,1,15.0,4,4,4,444
16968,108,2,30.450000000000003,3,3,3,333
16969,40,3,79.32000000000001,2,2,1,221
16971,333,1,125.0,4,4,1,441
16976,268,1,76.32000000000001,4,4,1,441
16978,78,1,8.5,3,4,4,344
16979,18,6,115.02,1,1,1,111
16980,256,2,19.349999999999998,4,3,3,433
16982,61,1,17.0,2,4,3,243
16983,4,6,72.18,1,1,2,112
16984,1,2,8.850000000000001,1,3,4,134
16987,43,7,64.22,2,1,2,212
16988,242,1,19.799999999999997,4,4,3,443
16990,219,1,179.0,4,4,1,441
16992,11,5,106.64999999999999,1,1,1,111
16997,283,3,156.0,4,2,1,421
16999,24,2,29.75,1,3,3,133
17002,86,3,135.2,3,2,1,321
17004,47,2,42.05,2,3,2,232
17006,19,4,91.28,1,2,1,121
17007,51,6,92.92,2,1,1,211
17010,19,1,10.2,1,4,4,144
17011,90,1,19.8,3,4,3,343
17014,152,3,80.45,3,2,1,321
17015,29,3,43.5,2,2,2,222
17018,41,2,92.7,2,3,1,231
17019,12,3,14.700000000000001,1,2,4,124
17022,121,1,20.8,3,4,3,343
17024,46,3,95.85,2,2,1,221
17025,61,1,30.0,2,4,3,243
17026,157,1,121.67999999999999,3,4,1,341
17027,79,6,38.7,3,1,2,312
17030,153,1,2.9,3,4,4,344
17031,12,2,83.2,1,3,1,131
17033,87,3,221.75999999999996,3,2,1,321
17034,17,3,25.08,1,2,3,123
17035,128,2,53.11999999999999,3,3,2,332
17037,88,1,25.5,3,4,3,343
17038,90,1,5.95,3,4,4,344
17040,138,1,175.2,3,4,1,341
17041,27,3,36.6,2,2,2,222
17042,63,5,88.8,2,1,1,211
17043,52,4,148.20000000000002,2,2,1,221
17044,26,1,101.76,2,4,1,241
17045,114,3,56.46,3,2,2,322
17046,217,1,30.0,4,4,3,443
17047,86,3,55.26,3,2,2,322
17048,9,3,75.35,1,2,2,122
17050,190,6,71.4,4,1,2,412
17051,195,1,2.5,4,4,4,444
17052,29,1,11.8,2,4,4,244
17053,336,1,35.400000000000006,4,4,2,442
17054,29,5,89.22999999999999,2,1,1,211
17058,82,3,58.400000000000006,3,2,2,322
17059,60,4,51.59,2,2,2,222
17060,267,1,17.700000000000003,4,4,3,443
17062,314,2,9.7,4,3,4,434
17063,22,7,174.6,1,1,1,111
17064,0,3,104.8,1,2,1,121
17069,29,8,126.92000000000002,2,1,1,211
17070,115,1,3.95,3,4,4,344
17073,18,4,23.02,1,2,3,123
17075,18,4,21.419999999999998,1,2,3,123
17076,37,2,76.5,2,3,1,231
17078,274,2,69.0,4,3,2,432
17079,79,1,59.400000000000006,3,4,2,342
17080,23,2,142.32,1,3,1,131
17081,26,2,6.37,2,3,4,234
17082,182,2,46.160000000000004,4,3,2,432
17083,99,3,93.4,3,2,1,321
17084,243,2,38.4,4,3,2,432
17085,124,5,38.81,3,1,2,312
17086,25,6,214.89999999999998,1,1,1,111
17088,29,4,77.22,2,2,1,221
17091,121,8,116.39,3,1,1,311
17092,51,4,48.230000000000004,2,2,2,222
17094,323,1,8.5,4,4,4,444
17095,23,3,36.91,1,2,2,122
17096,0,4,81.44,1,2,1,121
17100,19,2,29.85,1,3,3,133
17102,262,1,25.5,4,4,3,443
17105,191,2,14.3,4,3,4,434
17109,45,6,38.5,2,1,2,212
17110,166,1,16.5,3,4,3,343
17111,48,1,15.0,2,4,4,244
17114,100,8,72.35000000000001,3,1,2,312
17115,65,3,60.599999999999994,2,2,2,222
17117,289,1,17.0,4,4,3,443
17118,318,1,16.5,4,4,3,443
17119,30,2,29.3,2,3,3,233
17120,234,1,16.5,4,4,3,443
17122,2,1,19.799999999999997,1,4,3,143
17123,337,1,25.200000000000003,4,4,3,443
17124,157,1,15.9,3,4,3,343
17125,51,1,15.0,2,4,4,244
17126,64,5,13.959999999999999,2,1,4,214
17128,100,1,5.9,3,4,4,344
17131,48,5,86.8,2,1,1,211
17134,107,2,35.45,3,3,2,332
17138,98,1,17.9,3,4,3,343
17140,189,1,7.5,4,4,4,444
17142,240,1,35.849999999999994,4,4,2,442
17144,85,2,30.6,3,3,3,333
17146,106,3,202.55,3,2,1,321
17147,23,4,78.72,1,2,1,121
17148,52,1,8.5,2,4,4,244
17152,195,3,195.55,4,2,1,421
17153,25,1,17.85,1,4,3,143
17154,76,1,24.96,3,4,3,343
17155,18,2,74.0,1,3,2,132
17157,177,2,37.199999999999996,4,3,2,432
17158,152,3,72.75,3,2,2,322
17159,22,3,80.25,1,2,1,121
17160,6,6,92.96000000000001,1,1,1,111
17162,29,10,132.5,2,1,1,211
17163,22,2,131.7,1,3,1,131
17164,33,7,128.46,2,1,1,211
17165,285,1,19.9,4,4,3,443
17166,204,2,37.35,4,3,2,432
17169,58,2,33.9,2,3,3,233
17171,290,1,5.04,4,4,4,444
17172,79,1,13.919999999999998,3,4,4,344
17174,188,1,19.5,4,4,3,443
17175,4,4,137.65,1,2,1,121
17176,202,1,10.2,4,4,4,444
17179,179,3,18.520000000000003,4,2,3,423
17180,6,4,10.979999999999999,1,2,4,124
17181,58,1,1.65,2,4,4,244
17186,47,2,144.0,2,3,1,231
17187,227,1,30.599999999999998,4,4,3,443
17189,107,2,6.6899999999999995,3,3,4,334
17190,0,2,205.4,1,3,1,131
17191,29,4,61.75,2,2,2,222
17194,37,2,11.65,2,3,4,234
17197,60,1,30.0,2,4,3,243
17198,24,1,3.5100000000000002,1,4,4,144
17201,54,1,0.65,2,4,4,244
17203,53,6,112.66000000000001,2,1,1,211
17204,6,4,149.45999999999998,1,2,1,121
17205,54,1,15.12,2,4,4,244
17206,54,1,34.68,2,4,3,243
17211,4,7,114.55,1,1,1,111
17212,254,1,3.95,4,4,4,444
17213,41,6,131.22000000000003,2,1,1,211
17214,61,6,131.6,2,1,1,211
17217,235,1,11.8,4,4,4,444
17218,12,9,38.64000000000001,1,1,2,112
17219,121,1,5.0,3,4,4,344
17221,274,2,10.8,4,3,4,434
17222,214,1,7.5,4,4,4,444
17223,311,1,25.5,4,4,3,443
17226,252,1,3.3600000000000003,4,4,4,444
17227,19,5,43.29,1,1,2,112
17228,16,6,62.919999999999995,1,1,2,112
17229,143,2,4.15,3,3,4,334
17231,13,10,65.20000000000002,1,1,2,112
17232,15,2,39.3,1,3,2,132
17233,243,1,23.4,4,4,3,443
17234,65,1,4.95,2,4,4,244
17235,26,1,6.75,2,4,4,244
17236,13,6,80.85,1,1,1,111
17237,12,2,7.93,1,3,4,134
17239,313,1,6.6000000000000005,4,4,4,444
17242,4,2,99.60000000000001,1,3,1,131
17244,54,1,51.0,2,4,2,242
17245,205,1,15.299999999999999,4,4,4,444
17247,16,1,2.08,1,4,4,144
17248,32,1,4.95,2,4,4,244
17250,181,2,24.299999999999997,4,3,3,433
17252,117,2,13.35,3,3,4,334
17253,19,1,14.56,1,4,4,144
17254,16,2,1.34,1,3,4,134
17255,41,2,9.64,2,3,4,234
17256,108,2,140.4,3,3,1,331
17259,149,1,2.08,3,4,4,344
17263,209,1,0.95,4,4,4,444
17265,4,2,7.88,1,3,4,134
17266,148,3,8.2,3,2,4,324
17267,246,2,26.4,4,3,3,433
17272,43,4,86.39999999999999,2,2,1,221
17274,243,1,0.83,4,4,4,444
17277,228,2,25.799999999999997,4,3,3,433
17278,6,1,25.5,1,4,3,143
17279,58,1,51.0,2,4,2,242
17284,32,6,32.61,2,1,3,213
17286,22,1,8.5,1,4,4,144
17287,27,5,46.230000000000004,2,1,2,212
17288,10,7,158.73,1,1,1,111
17289,4,3,18.759999999999998,1,2,3,123
17290,17,2,7.36,1,3,4,134
17293,0,9,211.72999999999996,1,1,1,111
17295,29,3,41.400000000000006,2,2,2,222
17297,18,1,9.95,1,4,4,144
17298,102,2,37.83,3,3,2,332
17299,12,4,68.03999999999999,1,2,2,122
17301,22,1,4.15,1,4,4,144
17302,15,5,47.7,1,1,2,112
17309,215,1,4.949999999999999,4,4,4,444
17311,79,2,49.9,3,3,2,332
17313,121,1,90.0,3,4,1,341
17314,0,8,172.80000000000004,1,1,1,111
17320,101,2,43.75,3,3,2,332
17321,275,2,45.4,4,3,2,432
17323,16,7,25.109999999999996,1,1,3,113
17324,9,3,35.5,1,2,2,122
17325,251,1,11.7,4,4,4,444
17329,15,2,13.850000000000001,1,3,4,134
17330,23,2,158.4,1,3,1,131
17331,124,1,175.2,3,4,1,341
17333,86,1,39.599999999999994,3,4,2,342
17334,69,2,50.099999999999994,2,3,2,232
17337,5,4,34.92,1,2,3,123
17338,9,8,90.9,1,1,1,111
17339,184,1,82.80000000000001,4,4,1,441
17341,186,2,24.46,4,3,3,433
17344,47,1,5.95,2,4,4,244
17345,16,4,48.63,1,2,2,122
17348,15,5,52.37,1,1,2,112
17349,180,1,12.75,4,4,4,444
17350,46,4,55.14,2,2,2,222
17351,37,3,53.550000000000004,2,2,2,222
17354,51,1,14.25,2,4,4,244
17356,342,1,28.049999999999997,4,4,3,443
17357,25,2,75.26,1,3,2,132
17358,99,2,17.1,3,3,3,333
17359,12,1,1.25,1,4,4,144
17360,18,3,16.28,1,2,3,123
17361,50,3,49.17,2,2,2,222
17362,240,2,12.2,4,3,4,434
17365,13,8,62.5,1,1,2,112
17367,239,1,17.4,4,4,3,443
17370,73,4,69.96,3,2,2,322
17371,18,3,4.22,1,2,4,124
17372,41,8,67.25,2,1,2,212
17373,41,4,75.38,2,2,1,221
17374,219,2,30.9,4,3,3,433
17375,200,3,13.5,4,2,4,424
17376,71,2,12.399999999999999,3,3,4,334
17379,12,1,2.08,1,4,4,144
17382,214,1,50.400000000000006,4,4,2,442
17383,212,1,2.95,4,4,4,444
17384,20,2,17.85,1,3,3,133
17385,15,1,15.0,1,4,4,144
17387,20,2,50.400000000000006,1,3,2,132
17392,191,2,3.5999999999999996,4,3,4,434
17394,249,1,9.95,4,4,4,444
17397,23,2,13.850000000000001,1,3,4,134
17398,115,3,72.3,3,2,2,322
17400,211,5,40.67,4,1,2,412
17403,274,1,15.0,4,4,4,444
17405,3,3,27.42,1,2,3,123
17408,164,1,12.75,3,4,4,344
17409,126,2,77.65,3,3,1,331
17410,0,5,86.7,1,1,1,111
17411,13,3,47.42,1,2,2,122
17412,24,6,113.26,1,1,1,111
17414,44,2,194.4,2,3,1,231
17415,80,1,170.0,3,4,1,341
17418,43,2,28.160000000000004,2,3,3,233
17419,12,10,197.51999999999998,1,1,1,111
17420,51,2,40.7,2,3,2,232
17422,4,6,130.16,1,1,1,111
17423,47,2,40.1,2,3,2,232
17425,20,2,87.2,1,3,1,131
17426,92,6,130.2,3,1,1,311
17427,72,1,30.0,3,4,3,343
17429,157,3,33.519999999999996,3,2,3,323
17430,152,1,10.2,3,4,4,344
17431,314,1,5.8500000000000005,4,4,4,444
17432,19,2,9.65,1,3,4,134
17433,1,1,0.85,1,4,4,144
17434,10,7,175.72000000000003,1,1,1,111
17436,120,2,63.3,3,3,2,332
17438,254,1,25.5,4,4,3,443
17440,186,3,140.22,4,2,1,421
17442,63,6,112.2,2,1,1,211
17446,177,2,26.400000000000002,4,3,3,433
17447,41,2,40.26,2,3,2,232
17449,46,7,65.86,2,1,2,212
17451,16,7,112.15,1,1,1,111
17453,18,2,18.599999999999998,1,3,3,133
17454,193,4,69.8,4,2,2,422
17455,204,1,16.5,4,4,3,443
17458,16,1,12.450000000000001,1,4,4,144
17459,44,2,8.73,2,3,4,234
17460,184,4,68.4,4,2,2,422
17461,23,3,34.099999999999994,1,2,3,123
17462,61,2,98.36,2,3,1,231
17463,17,5,64.95,1,1,2,112
17464,247,1,71.4,4,4,2,442
17466,11,2,30.450000000000003,1,3,3,133
17468,11,2,47.0,1,3,2,132
17469,17,5,114.39999999999999,1,1,1,111
17470,45,4,73.62,2,2,2,222
17472,289,3,23.82,4,2,3,423
17475,80,1,26.099999999999998,3,4,3,343
17480,78,1,35.400000000000006,3,4,2,342
17481,16,4,59.400000000000006,1,2,2,122
17483,95,3,58.5,3,2,2,322
17486,262,1,17.0,4,4,3,443
17489,0,2,25.2,1,3,3,133
17492,220,1,10.2,4,4,4,444
17495,301,2,50.28,4,3,2,432
17498,76,1,15.0,3,4,4,344
17499,290,1,20.4,4,4,3,443
17501,280,2,25.950000000000003,4,3,3,433
17502,10,4,108.30000000000001,1,2,1,121
17503,151,2,59.96,3,3,2,332
17505,206,2,49.65,4,3,2,432
17506,76,1,25.0,3,4,3,343
17507,262,2,15.149999999999999,4,3,4,434
17509,58,8,134.19,2,1,1,211
17510,25,1,22.5,1,4,3,143
17513,73,1,70.8,3,4,2,342
17514,277,1,2.95,4,4,4,444
17515,121,4,43.2,3,2,2,322
17516,2,5,28.75,1,1,3,113
17517,252,1,11.7,4,4,4,444
17519,18,5,106.10000000000001,1,1,1,111
17520,54,1,15.0,2,4,4,244
17521,60,3,35.16,2,2,2,222
17522,95,5,119.29999999999998,3,1,1,311
17523,12,4,150.95999999999998,1,2,1,121
17526,212,3,188.20000000000002,4,2,1,421
17527,54,4,103.56,2,2,1,221
17528,0,8,115.24,1,1,1,111
17530,17,9,108.22,1,1,1,111
17531,307,1,15.9,4,4,3,443
17534,54,1,24.96,2,4,3,243
17535,251,1,10.2,4,4,4,444
17536,178,1,25.5,4,4,3,443
17537,60,2,24.669999999999998,2,3,3,233
17538,26,1,7.9,2,4,4,244
17540,25,2,35.550000000000004,1,3,2,132
17542,270,1,20.4,4,4,3,443
17545,44,3,16.15,2,2,3,223
17548,234,1,30.0,4,4,3,443
17549,24,2,46.8,1,3,2,132
17550,67,3,5.65,2,2,4,224
17552,61,2,39.900000000000006,2,3,2,232
17554,17,5,159.06,1,1,1,111
17555,20,2,9.85,1,3,4,134
17556,206,1,10.5,4,4,4,444
17557,15,3,42.75,1,2,2,122
17560,156,4,202.3,3,2,1,321
17561,20,1,6.25,1,4,4,144
17562,15,7,140.98,1,1,1,111
17564,25,3,24.0,1,2,3,123
17566,26,2,11.64,2,3,4,234
17567,58,7,212.09,2,1,1,211
17569,39,1,17.700000000000003,2,4,3,243
17571,51,4,55.1,2,2,2,222
17572,72,3,69.9,3,2,2,322
17573,60,3,29.46,2,2,3,223
17574,36,1,35.7,2,4,2,242
17578,219,1,18.72,4,4,3,443
17579,138,3,63.800000000000004,3,2,2,322
17580,313,3,65.65,4,2,2,422
17582,237,1,1.7399999999999998,4,4,4,444
17584,246,2,54.6,4,3,2,432
17585,110,4,17.290000000000003,3,2,3,323
17589,33,4,34.45,2,2,3,223
17590,18,3,25.459999999999997,1,2,3,123
17591,74,6,147.35,3,1,1,311
17593,92,5,108.53,3,1,1,311
17594,86,2,67.0,3,3,2,332
17595,13,2,7.0600000000000005,1,3,4,134
17596,24,6,65.32,1,1,2,112
17597,66,1,19.799999999999997,2,4,3,243
17600,18,1,16.65,1,4,3,143
17601,240,1,30.0,4,4,3,443
17602,24,6,46.8,1,1,2,112
17603,79,1,9.899999999999999,3,4,4,344
17604,188,2,5.46,4,3,4,434
17608,182,2,11.7,4,3,4,434
17609,41,5,64.41,2,1,2,212
17612,54,6,65.1,2,1,2,212
17614,58,1,3.75,2,4,4,244
17615,204,3,44.3,4,2,2,422
17618,220,3,115.0,4,2,1,421
17619,313,1,0.85,4,4,4,444
17620,30,1,20.4,2,4,3,243
17621,22,3,214.07999999999998,1,2,1,121
17623,152,1,15.0,3,4,4,344
17624,15,2,50.8,1,3,2,132
17625,19,4,16.45,1,2,3,123
17628,82,1,16.35,3,4,3,343
17629,19,8,131.34,1,1,1,111
17630,170,2,43.199999999999996,4,3,2,432
17631,120,3,47.13000000000001,3,2,2,322
17633,32,4,111.51,2,2,1,221
17634,35,9,104.35000000000001,2,1,1,211
17636,20,1,15.0,1,4,4,144
17637,116,2,35.7,3,3,2,332
17639,129,1,19.9,3,4,3,343
17640,87,1,107.28,3,4,1,341
17642,2,2,20.94,1,3,3,133
17646,249,2,32.7,4,3,3,433
17647,214,1,22.5,4,4,3,443
17648,61,4,95.1,2,2,1,221
17649,139,1,15.0,3,4,4,344
17650,22,1,30.0,1,4,3,143
17653,32,4,143.1,2,2,1,221
17654,160,1,7.5,3,4,4,344
17655,11,6,174.15,1,1,1,111
17656,1,5,111.66,1,1,1,111
17658,5,2,63.96,1,3,2,132
17659,18,11,201.13,1,1,1,111
17660,142,1,3.75,3,4,4,344
17663,26,7,132.94,2,1,1,211
17664,19,2,21.1,1,3,3,133
17666,181,2,39.0,4,3,2,432
17667,5,5,100.02000000000001,1,1,1,111
17668,120,2,45.599999999999994,3,3,2,332
17670,228,1,31.8,4,4,3,443
17671,5,3,98.8,1,2,1,121
17672,51,2,136.8,2,3,1,231
17673,120,6,108.30000000000001,3,1,1,311
17674,75,1,5.04,3,4,4,344
17676,0,5,89.0,1,1,1,111
17678,264,1,17.4,4,4,3,443
17679,53,2,120.96000000000001,2,3,1,231
17680,24,1,33.0,1,4,3,143
17682,11,5,133.06,1,1,1,111
17684,44,1,4.5600000000000005,2,4,4,244
17686,32,7,117.36,2,1,1,211
17692,161,4,90.17999999999999,3,2,1,321
17693,138,1,15.0,3,4,4,344
17694,142,1,30.0,3,4,3,343
17695,132,2,36.6,3,3,2,332
17696,109,6,118.38000000000001,3,1,1,311
17697,237,1,12.600000000000001,4,4,4,444
17698,261,1,17.4,4,4,3,443
17700,17,4,131.39999999999998,1,2,1,121
17701,340,1,17.0,4,4,3,443
17702,90,4,222.29999999999998,3,2,1,321
17703,110,3,53.4,3,2,2,322
17704,169,2,60.3,4,3,2,432
17705,38,9,224.1,2,1,1,211
17707,157,2,66.0,3,3,2,332
17708,218,2,5.0,4,3,4,434
17709,170,1,11.9,4,4,4,444
17711,11,2,21.810000000000002,1,3,3,133
17712,45,1,14.850000000000001,2,4,4,244
17714,321,1,15.0,4,4,4,444
17718,233,1,20.4,4,4,3,443
17720,27,3,107.72,2,2,1,221
17722,245,3,49.56,4,2,2,422
17724,72,3,68.4,3,2,2,322
17727,16,1,12.600000000000001,1,4,4,144
17728,87,3,43.32,3,2,2,322
17731,80,4,101.41000000000001,3,2,1,321
17733,262,2,33.8,4,3,3,433
17734,54,3,54.6,2,2,2,222
17736,10,3,79.31,1,2,1,121
17737,0,2,32.19,1,3,3,133
17738,20,4,107.22,1,2,1,121
17742,39,2,41.4,2,3,2,232
17744,26,6,143.88,2,1,1,211
17746,241,1,31.6,4,4,3,443
17747,113,1,71.4,3,4,2,342
17749,179,2,29.25,4,3,3,433
17750,57,9,141.38000000000002,2,1,1,211
17754,89,5,216.56,3,1,1,311
17758,20,8,117.7,1,1,1,111
17759,18,3,26.45,1,2,3,123
17760,22,1,3.75,1,4,4,144
17761,152,1,69.36,3,4,2,342
17763,264,1,15.0,4,4,4,444
17764,5,2,8.97,1,3,4,134
17765,211,3,27.55,4,2,3,423
17767,16,1,8.3,1,4,4,144
17768,167,3,50.04,3,2,2,322
17769,13,10,183.24,1,1,1,111
17770,35,5,132.64999999999998,2,1,1,211
17771,57,2,3.03,2,3,4,234
17772,11,2,8.7,1,3,4,134
17774,146,4,21.8,3,2,3,323
17775,255,1,15.600000000000001,4,4,3,443
17777,25,3,15.08,1,2,4,124
17779,22,3,32.71,1,2,3,123
17781,254,2,15.7,4,3,3,433
17783,73,2,7.91,3,3,4,334
17785,54,1,8.5,2,4,4,244
17786,86,2,14.700000000000001,3,3,4,334
17787,64,3,20.52,2,2,3,223
17789,282,1,12.75,4,4,4,444
17791,60,1,10.0,2,4,4,244
17793,26,1,2.49,2,4,4,244
17795,180,2,10.999999999999998,4,3,4,434
17796,41,3,79.0,2,2,1,221
17797,23,3,42.099999999999994,1,2,2,122
17799,23,10,121.64999999999999,1,1,1,111
17800,37,9,96.20000000000002,2,1,1,211
17802,4,2,19.049999999999997,1,3,3,133
17805,74,1,30.24,3,4,3,343
17806,12,1,4.95,1,4,4,144
17812,13,3,18.73,1,2,3,123
17813,15,5,50.970000000000006,1,1,2,112
17816,214,3,11.16,4,2,4,424
17824,52,1,30.0,2,4,3,243
17827,36,2,8.9,2,3,4,234
17830,120,3,66.0,3,2,2,322
17831,182,1,17.700000000000003,4,4,3,443
17832,50,1,2.34,2,4,4,244
17835,10,3,9.35,1,2,4,124
17836,48,1,1.65,2,4,4,244
17837,30,8,53.37,2,1,2,212
17838,27,3,150.0,2,2,1,221
17839,43,1,2.1,2,4,4,244
17843,99,1,3.4799999999999995,3,4,4,344
17849,70,4,109.20000000000002,2,2,1,221
17852,12,2,10.0,1,3,4,134
17854,157,2,18.15,3,3,3,333
17856,120,4,217.10000000000002,3,2,1,321
17859,130,1,1.9,3,4,4,344
17861,25,8,139.60999999999999,1,1,1,111
17862,324,1,90.0,4,4,1,441
17863,30,5,167.38,2,1,1,211
17864,13,3,21.75,1,2,3,123
17866,143,1,17.700000000000003,3,4,3,343
17869,108,4,50.55,3,2,2,322
17870,15,11,93.23000000000002,1,1,1,111
17871,205,1,5.76,4,4,4,444
17874,157,6,108.11,3,1,1,311
17877,171,1,59.400000000000006,4,4,2,442
17878,44,1,10.0,2,4,4,244
17879,174,1,1.16,4,4,4,444
17881,130,1,33.2,3,4,3,343
17883,15,4,20.4,1,2,3,123
17884,181,2,13.0,4,3,4,434
17885,13,1,2.88,1,4,4,144
17886,121,3,30.599999999999998,3,2,3,323
17887,305,1,1.65,4,4,4,444
17888,22,8,157.7,1,1,1,111
17889,35,2,7.9,2,3,4,234
17890,323,2,4.65,4,3,4,434
17891,163,1,20.4,3,4,3,343
17892,57,3,111.94999999999999,2,2,1,221
17893,226,1,3.25,4,4,4,444
17894,72,7,174.89,3,1,1,311
17895,45,1,7.5,2,4,4,244
17896,24,1,103.67999999999999,1,4,1,141
17897,173,1,7.95,4,4,4,444
17898,86,2,10.8,3,3,4,334
17899,278,1,13.68,4,4,4,444
17900,307,2,32.4,4,3,3,433
17901,60,1,2.49,2,4,4,244
17904,22,1,8.25,1,4,4,144
17906,189,1,2.8499999999999996,4,4,4,444
17911,10,1,25.5,1,4,3,143
17912,311,3,27.08,4,2,3,423
17913,0,2,17.4,1,3,3,133
17914,181,1,0.39,4,4,4,444
17917,46,3,4.1000000000000005,2,2,4,224
17919,1,1,70.80000000000001,1,4,2,142
17921,149,4,20.32,3,2,3,323
17923,310,1,207.50000000000003,4,4,1,441
17926,134,2,53.10000000000001,3,3,2,332
17928,46,2,72.65,2,3,2,232
17931,135,2,5.7,3,3,4,334
17932,5,3,45.2,1,2,2,122
17934,0,2,27.759999999999998,1,3,3,133
17935,139,2,23.619999999999997,3,3,3,333
17936,242,1,3.95,4,4,4,444
17939,278,1,1.9,4,4,4,444
17941,336,1,139.2,4,4,1,441
17942,301,1,1.9,4,4,4,444
17946,234,2,9.329999999999998,4,3,4,434
17947,302,1,5.04,4,4,4,444
17950,73,1,10.5,3,4,4,344
17951,40,2,190.20000000000002,2,3,1,231
17954,124,10,63.04,3,1,2,312
17955,199,4,197.1,4,2,1,421
17956,250,1,12.75,4,4,4,444
17957,244,1,4.98,4,4,4,444
17958,117,1,4.16,3,4,4,344
17960,172,1,1.65,4,4,4,444
17962,143,1,2.95,3,4,4,344
17964,121,1,3.75,3,4,4,344
17966,33,5,143.67000000000002,2,1,1,211
17969,167,2,12.5,3,3,4,334
17970,5,1,12.5,1,4,4,144
17972,6,1,6.95,1,4,4,144
17973,52,1,11.7,2,4,4,244
17974,25,3,21.07,1,2,3,123
17977,60,1,16.5,2,4,3,243
17979,169,4,17.37,4,2,3,423
17980,166,3,95.95,3,2,1,321
17984,146,1,12.75,3,4,4,344
17985,23,1,12.75,1,4,4,144
17986,57,1,20.8,2,4,3,243
17987,157,1,1.6800000000000002,3,4,4,344
17988,12,7,41.85,1,1,2,112
17990,237,3,75.9,4,2,1,421
17991,226,2,5.9,4,3,4,434
17994,37,4,45.3,2,2,2,222
17995,282,1,23.6,4,4,3,443
17997,64,8,73.41999999999999,2,1,2,212
17999,302,1,3.25,4,4,4,444
18001,13,2,5.5,1,3,4,134
18005,48,2,4.6,2,3,4,234
18006,24,1,2.5,1,4,4,144
18009,236,1,20.25,4,4,3,443
18010,257,1,12.75,4,4,4,444
18013,156,2,13.98,3,3,4,334
18014,29,1,6.75,2,4,4,244
18015,212,1,5.46,4,4,4,444
18016,75,4,58.2,3,2,2,322
18018,109,2,42.7,3,3,2,332
18019,52,1,9.9,2,4,4,244
18022,243,1,3.0,4,4,4,444
18024,64,2,57.15,2,3,2,232
18027,304,1,15.299999999999999,4,4,4,444
18030,43,2,16.799999999999997,2,3,3,233
18032,100,1,13.5,3,4,4,344
18033,214,1,4.15,4,4,4,444
18034,22,2,3.33,1,3,4,134
18035,44,3,42.839999999999996,2,2,2,222
18036,106,3,9.0,3,2,4,324
18037,125,6,31.45,3,1,3,313
18040,20,2,35.8,1,3,2,132
18042,54,1,9.9,2,4,4,244
18043,25,2,13.45,1,3,4,134
18044,88,10,127.46,3,1,1,311
18045,46,1,4.25,2,4,4,244
18048,204,2,4.75,4,3,4,434
18053,71,1,19.799999999999997,3,4,3,343
18055,40,8,189.66,2,1,1,211
18056,289,1,20.4,4,4,3,443
18058,10,1,81.6,1,4,1,141
18059,24,3,48.56,1,2,2,122
18062,174,3,142.8,4,2,1,421
18066,76,1,70.80000000000001,3,4,2,342
18067,41,1,10.2,2,4,4,244
18068,290,1,101.69999999999999,4,4,1,441
18069,1,5,41.24,1,1,2,112
18071,258,1,45.0,4,4,2,442
18072,157,1,15.0,3,4,4,344
18077,32,10,106.29,2,1,1,211
18078,188,2,101.7,4,3,1,431
18081,113,3,59.47,3,2,2,322
18082,26,1,2.95,2,4,4,244
18084,17,1,90.47999999999999,1,4,1,141
18085,331,1,59.400000000000006,4,4,2,442
18086,68,1,10.08,2,4,4,244
18088,91,1,1.25,3,4,4,344
18095,39,2,62.7,2,3,2,232
18096,12,3,20.06,1,2,3,123
18097,206,6,206.88000000000002,4,1,1,411
18099,246,1,7.95,4,4,4,444
18101,12,2,5.5,1,3,4,134
18104,302,1,35.7,4,4,2,442
18105,302,1,3.75,4,4,4,444
18106,330,1,15.0,4,4,4,444
18108,255,1,16.8,4,4,3,443
18110,20,1,1.7,1,4,4,144
18112,13,2,30.04,1,3,3,133
18114,291,1,5.95,4,4,4,444
18116,235,7,46.69,4,1,2,412
18117,26,1,10.2,2,4,4,244
18120,96,1,4.95,3,4,4,344
18121,125,2,16.25,3,3,3,333
18122,3,6,80.86,1,1,1,111
18123,25,2,14.54,1,3,4,134
18125,60,4,41.099999999999994,2,2,2,222
18126,61,1,8.3,2,4,4,244
18127,20,3,50.2,1,2,2,122
18129,67,1,2.95,2,4,4,244
18130,16,3,59.8,1,2,2,122
18136,5,3,60.0,1,2,2,122
18138,296,1,35.400000000000006,4,4,2,442
18142,127,2,120.96,3,3,1,331
18143,117,2,36.7,3,3,2,332
18145,13,4,46.5,1,2,2,122
18146,141,2,35.400000000000006,3,3,2,332
18147,46,2,50.46,2,3,2,232
18149,37,3,167.34999999999997,2,2,1,221
18150,141,3,30.48,3,2,3,323
18151,135,2,39.9,3,3,2,332
18154,44,2,46.8,2,3,2,232
18155,76,3,43.8,3,2,2,322
18156,13,1,25.5,1,4,3,143
18158,1,2,44.400000000000006,1,3,2,132
18159,38,1,175.2,2,4,1,241
18160,58,2,33.3,2,3,3,233
18161,16,5,136.39,1,1,1,111
18164,302,1,16.5,4,4,3,443
18165,178,1,4.5600000000000005,4,4,4,444
18167,24,3,115.20000000000002,1,2,1,121
18168,69,5,59.699999999999996,2,1,2,212
18169,61,1,19.799999999999997,2,4,3,243
18170,113,3,83.08,3,2,1,321
18171,0,5,167.04999999999998,1,1,1,111
18174,301,1,104.0,4,4,1,441
18177,121,6,93.8,3,1,1,311
18178,249,3,44.300000000000004,4,2,2,422
18180,1,6,106.04,1,1,1,111
18181,25,1,4.95,1,4,4,144
18183,68,2,29.95,2,3,3,233
18184,16,1,49.8,1,4,2,142
18185,250,1,11.7,4,4,4,444
18188,16,3,65.1,1,2,2,122
18189,78,2,31.5,3,3,3,333
18190,193,2,33.6,4,3,3,433
18191,262,1,30.599999999999998,4,4,3,443
18192,72,1,16.5,3,4,3,343
18193,166,1,19.9,3,4,3,343
18194,83,1,208.79999999999998,3,4,1,341
18196,215,2,5.0,4,3,4,434
18200,107,1,5.95,3,4,4,344
18202,200,3,71.6,4,2,2,422
18203,217,1,4.95,4,4,4,444
18204,72,3,21.25,3,2,3,323
18205,75,2,27.75,3,3,3,333
18209,29,1,17.85,2,4,3,243
18210,10,6,126.34,1,1,1,111
18211,26,5,80.0,2,1,1,211
18212,327,1,19.9,4,4,3,443
18213,237,1,15.0,4,4,4,444
18215,31,1,23.6,2,4,3,243
18216,121,1,17.0,3,4,3,343
18217,60,2,49.8,2,3,2,232
18218,5,2,160.6,1,3,1,131
18219,44,9,178.35,2,1,1,211
18220,227,1,152.64000000000001,4,4,1,441
18221,5,5,76.2,1,1,1,111
18222,123,1,40.56,3,4,2,342
18224,264,1,10.2,4,4,4,444
18227,188,1,15.0,4,4,4,444
18228,57,2,50.28,2,3,2,232
18231,193,5,80.4,4,1,1,411
18232,82,4,63.300000000000004,3,2,2,322
18235,32,3,38.28,2,2,2,222
18236,60,6,139.65,2,1,1,211
18237,2,5,84.44999999999999,1,1,1,111
18239,219,4,93.30000000000001,4,2,1,421
18245,5,7,132.85999999999999,1,1,1,111
18248,93,2,48.45,3,3,2,332
18249,18,1,14.22,1,4,4,144
18250,311,1,14.850000000000001,4,4,4,444
18252,51,2,21.25,2,3,3,233
18255,31,1,30.0,2,4,3,243
18257,40,8,153.42999999999998,2,1,1,211
18259,25,2,75.60000000000001,1,3,1,131
18260,100,6,150.57,3,1,1,311
18261,44,2,36.8,2,3,2,232
18262,141,1,2.88,3,4,4,344
18263,26,3,65.75999999999999,2,2,2,222
18265,73,2,42.8,3,3,2,332
18268,135,1,25.5,3,4,3,343
18270,267,2,53.0,4,3,2,432
18272,3,6,78.32000000000001,1,1,1,111
18273,151,3,204.0,3,2,1,321
18274,90,1,15.0,3,4,4,344
18276,44,1,99.0,2,4,1,241
18277,0,1,17.85,1,4,3,143
18278,74,1,17.0,3,4,3,343
18280,160,1,23.700000000000003,3,4,3,343
18281,4,1,5.04,1,4,4,144
18282,216,2,38.25,4,3,2,432
18287,0,3,80.4,1,2,1,121
